Transaction_ID,Order_ID,Order_Date,Customer_ID,Customer_Name,Age,Gender,City,Product,Category,Quantity,Unit_Price,Total_Sales,Order_Month,Order_Year,Order_Month_Name
TXN0001,ORD100002,2025-02-25,CUST5529,Customer_227,30.0,Female,Bengaluru,Rice,Grocery,7,2829.77,19808.39,2,2025,February
TXN0002,ORD100003,2025-10-14,CUST3127,Customer_182,63.0,Male,Bengaluru,Book,Education,5,27906.16,139530.8,10,2025,October
TXN0003,ORD100004,2025-05-13,CUST8887,Customer_487,62.0,Female,Bengaluru,Book,Education,8,37491.06,299928.48,5,2025,May
TXN0004,ORD100005,2025-12-02,CUST2515,Customer_470,65.0,Female,Kolkata,Mobile,Electronics,9,28541.36,256872.24,12,2025,December
TXN0005,ORD100006,2025-11-20,CUST4796,Customer_380,44.0,Male,Bengaluru,Rice,Grocery,10,14036.59,140365.9,11,2025,November
TXN0006,ORD100007,2025-12-31,CUST3952,Customer_71,40.0,Female,Hyderabad,Laptop,Electronics,9,35947.47,323527.23,12,2025,December
TXN0007,ORD100008,2025-10-14,CUST1758,Customer_335,61.0,Male,Patna,Mobile,Electronics,6,49997.53,299985.18,10,2025,October
TXN0008,ORD100009,2025-12-05,CUST9622,Customer_224,35.0,Male,Kolkata,Laptop,Electronics,3,9488.83,28466.49,12,2025,December
TXN0009,ORD100010,2025-11-21,CUST9770,Customer_494,41.0,Female,Mumbai,Book,Education,6,19488.23,116929.38,11,2025,November
TXN0010,ORD100011,2025-04-16,CUST1312,Customer_40,30.0,Male,Kolkata,Mobile,Electronics,8,18024.34,144194.72,4,2025,April
TXN0011,ORD100012,2025-05-05,CUST9642,Customer_162,51.0,Male,Delhi,Shoes,Fashion,3,14151.42,42454.26,5,2025,May
TXN0012,ORD100013,2025-05-02,CUST3228,Customer_209,55.0,Female,Patna,Chair,Furniture,6,47175.43,283052.58,5,2025,May
TXN0013,ORD100014,2025-05-06,CUST1038,Customer_454,32.0,Male,Patna,Rice,Grocery,5,7413.68,37068.4,5,2025,May
TXN0014,ORD100015,2025-04-24,CUST6413,Customer_490,50.0,Female,Patna,Shoes,Fashion,8,12042.52,96340.16,4,2025,April
TXN0015,ORD100016,2025-03-12,CUST8660,Customer_213,42.0,Female,Patna,Mobile,Electronics,8,25465.31,203722.48,3,2025,March
TXN0016,ORD100017,2025-08-30,CUST9307,Customer_313,36.0,Female,Delhi,Shoes,Fashion,10,20111.09,201110.9,8,2025,August
TXN0017,ORD100018,2025-11-30,CUST4363,Customer_161,30.0,Female,Delhi,Book,Education,10,40109.12,401091.2,11,2025,November
TXN0018,ORD100019,2025-10-19,CUST3508,Customer_67,31.0,Male,Gaya,Shoes,Fashion,1,7280.64,7280.64,10,2025,October
TXN0019,ORD100020,2025-07-24,CUST5806,Customer_103,57.0,Female,Mumbai,Chair,Furniture,5,6122.59,30612.95,7,2025,July
TXN0020,ORD100021,2025-03-20,CUST6504,Customer_357,34.0,Male,Kolkata,Laptop,Electronics,8,23770.36,190162.88,3,2025,March
TXN0021,ORD100022,2025-03-18,CUST8908,Customer_190,65.0,Male,Pune,Shoes,Fashion,1,2344.98,2344.98,3,2025,March
TXN0022,ORD100023,2025-10-04,CUST2903,Customer_122,31.0,Female,Mumbai,Book,Education,7,15396.37,107774.59,10,2025,October
TXN0023,ORD100024,2025-11-23,CUST1406,Customer_499,52.0,Male,Gaya,Shoes,Fashion,10,31576.5,315765.0,11,2025,November
TXN0024,ORD100025,2025-09-14,CUST8036,Customer_173,44.0,Male,Patna,Laptop,Electronics,2,11127.06,22254.12,9,2025,September
TXN0025,ORD100026,2025-03-16,CUST6532,Customer_348,30.0,Male,Pune,Rice,Grocery,7,36069.86,252489.02,3,2025,March
TXN0026,ORD100027,2025-04-10,CUST2482,Customer_183,65.0,Male,Mumbai,Book,Education,9,39414.46,354730.14,4,2025,April
TXN0027,ORD100028,2025-08-01,CUST2003,Customer_48,35.0,Female,Mumbai,Rice,Grocery,2,23837.41,47674.82,8,2025,August
TXN0028,ORD100029,2025-08-10,CUST6149,Customer_181,32.0,Female,Patna,Laptop,Electronics,5,14534.79,72673.95,8,2025,August
TXN0029,ORD100030,2025-02-05,CUST3688,Customer_205,38.0,Female,Bengaluru,Mobile,Electronics,10,21393.69,213936.9,2,2025,February
TXN0030,ORD100031,2025-08-09,CUST3212,Customer_415,33.0,Male,Gaya,Rice,Grocery,2,21382.16,42764.32,8,2025,August
TXN0031,ORD100032,2025-05-13,CUST5063,Customer_50,33.0,Female,Mumbai,Mobile,Electronics,1,15831.03,15831.03,5,2025,May
TXN0032,ORD100033,2025-10-22,CUST9565,Customer_350,21.0,Female,Mumbai,Book,Education,8,21791.66,174333.28,10,2025,October
TXN0033,ORD100034,2025-12-04,CUST9325,Customer_352,44.0,Female,Mumbai,Laptop,Electronics,5,17556.08,87780.4,12,2025,December
TXN0034,ORD100035,2025-05-03,CUST4002,Customer_388,18.0,Female,Gaya,Laptop,Electronics,5,46822.84,234114.2,5,2025,May
TXN0035,ORD100036,2025-03-08,CUST8975,Customer_315,36.0,Female,Gaya,Mobile,Electronics,4,47896.7,191586.8,3,2025,March
TXN0036,ORD100037,2025-02-07,CUST2669,Customer_151,46.0,Male,Bengaluru,Laptop,Electronics,8,44911.49,359291.92,2,2025,February
TXN0037,ORD100038,2025-02-20,CUST5869,Customer_415,23.0,Male,Delhi,Chair,Furniture,7,40746.79,285227.53,2,2025,February
TXN0038,ORD100039,2025-10-20,CUST7249,Customer_144,29.0,Male,Kolkata,Rice,Grocery,4,4794.08,19176.32,10,2025,October
TXN0039,ORD100040,2025-03-07,CUST7465,Customer_345,58.0,Female,Bengaluru,Shoes,Fashion,8,29270.98,234167.84,3,2025,March
TXN0040,ORD100041,2025-04-21,CUST7988,Customer_383,39.0,Female,Mumbai,Shoes,Fashion,1,3992.85,3992.85,4,2025,April
TXN0041,ORD100042,2025-05-31,CUST9953,Customer_484,50.0,Female,Hyderabad,Mobile,Electronics,5,44365.94,221829.7,5,2025,May
TXN0042,ORD100043,2025-04-20,CUST6938,Customer_344,43.0,Female,Kolkata,Mobile,Electronics,4,29915.72,119662.88,4,2025,April
TXN0043,ORD100044,2025-09-22,CUST3006,Customer_256,58.0,Male,Patna,Chair,Furniture,6,16521.44,99128.64,9,2025,September
TXN0044,ORD100045,2025-07-04,CUST5151,Customer_409,55.0,Female,Bengaluru,Rice,Grocery,6,14399.11,86394.66,7,2025,July
TXN0045,ORD100046,2025-04-26,CUST5903,Customer_396,27.0,Female,Hyderabad,Shoes,Fashion,9,1491.63,13424.67,4,2025,April
TXN0046,ORD100047,2025-05-11,CUST4943,Customer_198,34.0,Male,Mumbai,Rice,Grocery,2,6210.24,12420.48,5,2025,May
TXN0047,ORD100048,2025-09-02,CUST4750,Customer_78,42.0,Female,Delhi,Mobile,Electronics,2,47649.61,95299.22,9,2025,September
TXN0048,ORD100049,2025-10-25,CUST2705,Customer_117,55.0,Male,Kolkata,Mobile,Electronics,5,24854.05,124270.25,10,2025,October
TXN0049,ORD100050,2025-10-03,CUST5523,Customer_432,41.0,Male,Pune,Chair,Furniture,9,30834.87,277513.83,10,2025,October
TXN0050,ORD100051,2025-02-27,CUST1557,Customer_87,39.0,Female,Mumbai,Chair,Furniture,6,20561.97,123371.82,2,2025,February
TXN0051,ORD100052,2025-09-09,CUST2062,Customer_254,58.0,Male,Patna,Book,Education,10,49367.75,493677.5,9,2025,September
TXN0052,ORD100053,2025-06-08,CUST9203,Customer_70,33.0,Male,Delhi,Laptop,Electronics,6,4656.1,27936.6,6,2025,June
TXN0053,ORD100054,2025-07-07,CUST8053,Customer_408,58.0,Male,Delhi,Rice,Grocery,7,42345.82,296420.74,7,2025,July
TXN0054,ORD100055,2025-04-16,CUST1017,Customer_387,42.0,Female,Pune,Shoes,Fashion,7,37747.24,264230.68,4,2025,April
TXN0055,ORD100056,2025-11-16,CUST2690,Customer_11,26.0,Male,Delhi,Book,Education,2,33304.17,66608.34,11,2025,November
TXN0056,ORD100057,2025-12-07,CUST2791,Customer_20,58.0,Female,Bengaluru,Laptop,Electronics,6,41157.44,246944.64,12,2025,December
TXN0057,ORD100058,2025-03-12,CUST4496,Customer_53,18.0,Female,Bengaluru,Chair,Furniture,7,47669.63,333687.41,3,2025,March
TXN0058,ORD100059,2025-12-12,CUST8811,Customer_115,50.0,Female,Bengaluru,Chair,Furniture,1,44708.5,44708.5,12,2025,December
TXN0059,ORD100060,2025-01-15,CUST2411,Customer_292,47.0,Female,Mumbai,Mobile,Electronics,5,36809.08,184045.4,1,2025,January
TXN0060,ORD100061,2025-11-08,CUST2350,Customer_205,46.0,Male,Pune,Mobile,Electronics,4,25292.97,101171.88,11,2025,November
TXN0061,ORD100062,2025-07-06,CUST9745,Customer_48,27.0,Male,Mumbai,Shoes,Fashion,1,29263.26,29263.26,7,2025,July
TXN0062,ORD100063,2025-07-15,CUST6236,Customer_312,43.0,Female,Kolkata,Laptop,Electronics,3,5679.91,17039.73,7,2025,July
TXN0063,ORD100064,2025-09-26,CUST1887,Customer_209,21.0,Male,Hyderabad,Chair,Furniture,6,46235.96,277415.76,9,2025,September
TXN0064,ORD100065,2025-05-16,CUST5386,Customer_125,47.0,Male,Gaya,Rice,Grocery,9,27164.06,244476.54,5,2025,May
TXN0065,ORD100066,2025-07-25,CUST8065,Customer_92,53.0,Male,Kolkata,Mobile,Electronics,10,8905.49,89054.9,7,2025,July
TXN0066,ORD100067,2025-01-30,CUST8841,Customer_407,36.0,Female,Patna,Book,Education,10,17406.52,174065.2,1,2025,January
TXN0067,ORD100068,2025-02-25,CUST5871,Customer_335,39.0,Female,Delhi,Chair,Furniture,5,27366.58,136832.9,2,2025,February
TXN0068,ORD100069,2025-06-24,CUST9869,Customer_394,40.0,Female,Hyderabad,Book,Education,5,41282.63,206413.15,6,2025,June
TXN0069,ORD100070,2025-08-15,CUST9017,Customer_51,26.0,Female,Delhi,Book,Education,8,13645.41,109163.28,8,2025,August
TXN0070,ORD100071,2025-10-21,CUST1808,Customer_150,56.0,Male,Patna,Chair,Furniture,8,27337.64,218701.12,10,2025,October
TXN0071,ORD100072,2025-08-25,CUST2565,Customer_360,52.0,Female,Hyderabad,Shoes,Fashion,5,29219.72,146098.6,8,2025,August
TXN0072,ORD100073,2025-06-19,CUST4958,Customer_160,45.0,Male,Gaya,Rice,Grocery,3,8572.65,25717.95,6,2025,June
TXN0073,ORD100074,2025-12-04,CUST7587,Customer_223,27.0,Male,Pune,Laptop,Electronics,9,45419.62,408776.58,12,2025,December
TXN0074,ORD100075,2025-03-30,CUST2157,Customer_31,58.0,Male,Unknown,Mobile,Electronics,4,21599.26,86397.04,3,2025,March
TXN0075,ORD100076,2025-12-30,CUST8430,Customer_277,45.0,Male,Gaya,Laptop,Electronics,2,8883.45,17766.9,12,2025,December
TXN0076,ORD100077,2025-12-27,CUST1956,Customer_317,22.0,Female,Bengaluru,Shoes,Fashion,9,12290.45,110614.05,12,2025,December
TXN0077,ORD100078,2025-04-14,CUST9846,Customer_298,58.0,Female,Patna,Book,Education,6,10784.64,64707.84,4,2025,April
TXN0078,ORD100079,2026-01-01,CUST4706,Customer_34,62.0,Female,Delhi,Rice,Grocery,1,35862.34,35862.34,1,2026,January
TXN0079,ORD100080,2025-08-21,CUST5607,Customer_265,61.0,Female,Gaya,Rice,Grocery,1,13129.64,13129.64,8,2025,August
TXN0080,ORD100081,2025-03-05,CUST8211,Customer_62,19.0,Female,Gaya,Chair,Furniture,9,45747.37,411726.33,3,2025,March
TXN0081,ORD100082,2025-09-01,CUST5367,Customer_499,25.0,Female,Hyderabad,Book,Education,6,5849.89,35099.34,9,2025,September
TXN0082,ORD100083,2025-01-06,CUST8346,Customer_384,30.0,Male,Hyderabad,Laptop,Electronics,9,48845.5,439609.5,1,2025,January
TXN0083,ORD100084,2025-10-24,CUST7484,Customer_478,36.0,Male,Gaya,Book,Education,9,24828.05,223452.45,10,2025,October
TXN0084,ORD100085,2025-03-07,CUST7911,Customer_7,59.0,Male,Delhi,Mobile,Electronics,8,17841.4,142731.2,3,2025,March
TXN0085,ORD100086,2025-08-24,CUST4229,Customer_234,51.0,Male,Hyderabad,Book,Education,10,13662.66,136626.6,8,2025,August
TXN0086,ORD100087,2025-03-17,CUST2290,Customer_195,56.0,Male,Mumbai,Book,Education,4,12169.49,48677.96,3,2025,March
TXN0087,ORD100088,2025-12-17,CUST1246,Customer_165,59.0,Female,Kolkata,Mobile,Electronics,6,349.06,2094.36,12,2025,December
TXN0088,ORD100089,2025-04-16,CUST3689,Customer_179,44.0,Female,Delhi,Laptop,Electronics,8,20498.74,163989.92,4,2025,April
TXN0089,ORD100090,2025-10-29,CUST7476,Customer_45,21.0,Female,Hyderabad,Book,Education,9,13111.39,118002.51,10,2025,October
TXN0090,ORD100091,2025-12-15,CUST7037,Customer_45,34.0,Male,Mumbai,Rice,Grocery,9,45000.49,405004.41,12,2025,December
TXN0091,ORD100092,2025-12-24,CUST8578,Customer_154,48.0,Male,Kolkata,Laptop,Electronics,2,3455.06,6910.12,12,2025,December
TXN0092,ORD100093,2025-04-28,CUST6618,Customer_311,19.0,Male,Pune,Shoes,Fashion,8,28874.64,230997.12,4,2025,April
TXN0093,ORD100094,2025-11-07,CUST4650,Customer_370,32.0,Male,Delhi,Shoes,Fashion,3,47917.49,143752.47,11,2025,November
TXN0094,ORD100095,2025-02-19,CUST5091,Customer_375,47.0,Male,Bengaluru,Rice,Grocery,10,21399.51,213995.1,2,2025,February
TXN0095,ORD100096,2025-05-31,CUST2190,Customer_318,38.0,Male,Hyderabad,Rice,Grocery,5,15127.88,75639.4,5,2025,May
TXN0096,ORD100097,2025-11-12,CUST7277,Customer_320,62.0,Female,Mumbai,Shoes,Fashion,7,41677.34,291741.38,11,2025,November
TXN0097,ORD100098,2025-01-22,CUST8623,Customer_84,32.0,Male,Hyderabad,Mobile,Electronics,10,40745.55,407455.5,1,2025,January
TXN0098,ORD100099,2025-02-13,CUST5232,Customer_395,54.0,Male,Gaya,Mobile,Electronics,2,31217.12,62434.24,2,2025,February
TXN0099,ORD100100,2025-11-02,CUST7462,Customer_379,41.0,Male,Patna,Laptop,Electronics,5,553.62,2768.1,11,2025,November
TXN0100,ORD100101,2025-10-05,CUST7588,Customer_67,47.0,Male,Pune,Rice,Grocery,4,6974.66,27898.64,10,2025,October
TXN0101,ORD100102,2025-12-19,CUST5005,Customer_176,20.0,Female,Kolkata,Book,Education,9,19437.88,174940.92,12,2025,December
TXN0102,ORD100103,2025-01-14,CUST3210,Customer_15,43.0,Female,Mumbai,Laptop,Electronics,9,13617.93,122561.37,1,2025,January
TXN0103,ORD100104,2025-12-12,CUST5926,Customer_308,54.0,Male,Gaya,Chair,Furniture,8,38897.58,311180.64,12,2025,December
TXN0104,ORD100105,2025-11-23,CUST3809,Customer_394,44.0,Female,Gaya,Book,Education,6,8547.07,51282.42,11,2025,November
TXN0105,ORD100106,2025-10-26,CUST2079,Customer_35,44.0,Male,Mumbai,Chair,Furniture,7,46263.01,323841.07,10,2025,October
TXN0106,ORD100107,2025-08-09,CUST4881,Customer_389,32.0,Male,Patna,Book,Education,2,2814.55,5629.1,8,2025,August
TXN0107,ORD100108,2025-03-20,CUST6707,Customer_420,33.0,Male,Pune,Mobile,Electronics,8,41112.05,328896.4,3,2025,March
TXN0108,ORD100109,2025-09-18,CUST2796,Customer_471,29.0,Male,Patna,Book,Education,4,36826.88,147307.52,9,2025,September
TXN0109,ORD100110,2025-10-15,CUST5524,Customer_154,44.0,Male,Hyderabad,Chair,Furniture,3,42806.52,128419.56,10,2025,October
TXN0110,ORD100111,2025-09-04,CUST9882,Customer_103,28.0,Female,Kolkata,Laptop,Electronics,6,5533.0,33198.0,9,2025,September
TXN0111,ORD100112,2025-03-01,CUST3001,Customer_341,32.0,Male,Gaya,Laptop,Electronics,3,2638.97,7916.91,3,2025,March
TXN0112,ORD100113,2025-01-17,CUST5433,Customer_355,49.0,Male,Delhi,Book,Education,4,25002.72,100010.88,1,2025,January
TXN0113,ORD100114,2025-07-11,CUST3794,Customer_315,35.0,Female,Hyderabad,Book,Education,10,10391.75,103917.5,7,2025,July
TXN0114,ORD100115,2025-09-09,CUST2345,Customer_302,48.0,Male,Bengaluru,Book,Education,10,22437.16,224371.6,9,2025,September
TXN0115,ORD100116,2025-02-13,CUST8316,Customer_121,63.0,Female,Hyderabad,Laptop,Electronics,9,41053.56,369482.04,2,2025,February
TXN0116,ORD100117,2025-03-27,CUST9354,Customer_241,46.0,Female,Patna,Rice,Grocery,2,21391.19,42782.38,3,2025,March
TXN0117,ORD100118,2025-09-18,CUST2871,Customer_8,33.0,Female,Delhi,Chair,Furniture,4,36875.19,147500.76,9,2025,September
TXN0118,ORD100119,2025-04-10,CUST7341,Customer_457,49.0,Female,Hyderabad,Mobile,Electronics,4,41640.74,166562.96,4,2025,April
TXN0119,ORD100050,2025-01-22,CUST3194,Customer_114,34.0,Male,Kolkata,Book,Education,2,25795.55,51591.1,1,2025,January
TXN0120,ORD100121,2025-05-19,CUST9563,Customer_166,24.0,Male,Gaya,Book,Education,8,4391.72,35133.76,5,2025,May
TXN0121,ORD100122,2025-12-22,CUST2286,Customer_298,39.0,Female,Patna,Laptop,Electronics,2,18152.14,36304.28,12,2025,December
TXN0122,ORD100123,2025-11-20,CUST2423,Customer_376,23.0,Male,Hyderabad,Mobile,Electronics,7,16254.12,113778.84,11,2025,November
TXN0123,ORD100124,2025-07-08,CUST2378,Customer_95,53.0,Male,Hyderabad,Shoes,Fashion,5,3805.27,19026.35,7,2025,July
TXN0124,ORD100125,2025-01-14,CUST6995,Customer_374,33.0,Male,Hyderabad,Book,Education,7,46489.41,325425.87,1,2025,January
TXN0125,ORD100126,2025-06-13,CUST3677,Customer_459,34.0,Female,Patna,Shoes,Fashion,1,17041.21,17041.21,6,2025,June
TXN0126,ORD100127,2025-01-14,CUST6627,Customer_353,57.0,Male,Patna,Rice,Grocery,6,41494.43,248966.58,1,2025,January
TXN0127,ORD100128,2025-12-04,CUST6238,Customer_258,55.0,Male,Gaya,Rice,Grocery,10,25930.1,259301.0,12,2025,December
TXN0128,ORD100129,2025-03-04,CUST8352,Customer_400,44.0,Male,Gaya,Laptop,Electronics,8,26281.83,210254.64,3,2025,March
TXN0129,ORD100130,2025-03-09,CUST2870,Customer_495,33.0,Male,Patna,Mobile,Electronics,8,21833.32,174666.56,3,2025,March
TXN0130,ORD100131,2025-11-29,CUST4751,Customer_260,20.0,Male,Patna,Rice,Grocery,6,40577.1,243462.6,11,2025,November
TXN0131,ORD100132,2025-01-17,CUST7031,Customer_224,37.0,Female,Gaya,Shoes,Fashion,5,39039.96,195199.8,1,2025,January
TXN0132,ORD100133,2025-03-25,CUST8366,Customer_355,65.0,Female,Bengaluru,Book,Education,10,29902.97,299029.7,3,2025,March
TXN0133,ORD100134,2025-02-10,CUST2863,Customer_375,34.0,Female,Patna,Mobile,Electronics,7,18967.46,132772.22,2,2025,February
TXN0134,ORD100135,2025-03-10,CUST8298,Customer_489,45.0,Female,Delhi,Mobile,Electronics,10,42943.17,429431.7,3,2025,March
TXN0135,ORD100136,2025-03-21,CUST9577,Customer_302,46.0,Male,Mumbai,Laptop,Electronics,6,24216.91,145301.46,3,2025,March
TXN0136,ORD100137,2025-05-30,CUST3054,Customer_96,28.0,Female,Mumbai,Chair,Furniture,9,7093.9,63845.1,5,2025,May
TXN0137,ORD100138,2025-11-27,CUST6791,Customer_430,22.0,Female,Pune,Chair,Furniture,5,29748.17,148740.85,11,2025,November
TXN0138,ORD100139,2025-09-18,CUST7062,Customer_92,52.0,Male,Bengaluru,Laptop,Electronics,8,22563.72,180509.76,9,2025,September
TXN0139,ORD100140,2025-04-04,CUST6625,Customer_121,18.0,Male,Hyderabad,Mobile,Electronics,7,17321.68,121251.76,4,2025,April
TXN0140,ORD100141,2025-01-25,CUST4824,Customer_98,24.0,Male,Gaya,Laptop,Electronics,9,25138.42,226245.78,1,2025,January
TXN0141,ORD100142,2025-07-31,CUST1339,Customer_107,54.0,Male,Kolkata,Book,Education,6,33887.35,203324.1,7,2025,July
TXN0142,ORD100143,2025-03-05,CUST1113,Customer_104,33.0,Female,Gaya,Shoes,Fashion,6,30177.21,181063.26,3,2025,March
TXN0143,ORD100144,2025-06-30,CUST4034,Customer_271,32.0,Female,Kolkata,Mobile,Electronics,3,28572.4,85717.2,6,2025,June
TXN0144,ORD100145,2025-12-06,CUST6997,Customer_244,28.0,Male,Gaya,Mobile,Electronics,4,6898.4,27593.6,12,2025,December
TXN0145,ORD100146,2025-03-12,CUST2480,Customer_491,59.0,Female,Gaya,Shoes,Fashion,1,20740.93,20740.93,3,2025,March
TXN0146,ORD100147,2025-06-08,CUST9450,Customer_230,18.0,Male,Bengaluru,Laptop,Electronics,3,37576.35,112729.05,6,2025,June
TXN0147,ORD100148,2025-07-07,CUST8408,Customer_249,51.0,Female,Delhi,Mobile,Electronics,6,20416.04,122496.24,7,2025,July
TXN0148,ORD100149,2025-09-17,CUST7178,Customer_478,64.0,Male,Bengaluru,Chair,Furniture,2,8092.78,16185.56,9,2025,September
TXN0149,ORD100150,2025-04-01,CUST4132,Customer_47,41.0,Female,Unknown,Chair,Furniture,4,1973.64,7894.56,4,2025,April
TXN0150,ORD100151,2025-09-13,CUST4829,Customer_202,19.0,Female,Mumbai,Shoes,Fashion,8,41749.55,333996.4,9,2025,September
TXN0151,ORD100152,2025-02-08,CUST5188,Customer_286,53.0,Male,Gaya,Laptop,Electronics,9,48833.27,439499.43,2,2025,February
TXN0152,ORD100153,2025-06-26,CUST1928,Customer_17,30.0,Female,Mumbai,Mobile,Electronics,7,48642.53,340497.71,6,2025,June
TXN0153,ORD100154,2025-10-26,CUST3887,Customer_371,56.0,Female,Mumbai,Laptop,Electronics,4,42299.16,169196.64,10,2025,October
TXN0154,ORD100155,2025-03-18,CUST5211,Customer_215,53.0,Female,Patna,Book,Education,5,38233.51,191167.55,3,2025,March
TXN0155,ORD100156,2025-07-22,CUST2236,Customer_173,64.0,Male,Pune,Mobile,Electronics,4,6502.53,26010.12,7,2025,July
TXN0156,ORD100157,2025-03-11,CUST5375,Customer_265,60.0,Male,Bengaluru,Book,Education,2,18293.96,36587.92,3,2025,March
TXN0157,ORD100158,2025-08-31,CUST4137,Customer_221,36.0,Male,Gaya,Mobile,Electronics,2,40810.01,81620.02,8,2025,August
TXN0158,ORD100159,2025-02-16,CUST5113,Customer_271,30.0,Female,Kolkata,Mobile,Electronics,7,28469.0,199283.0,2,2025,February
TXN0159,ORD100160,2025-09-20,CUST7263,Customer_120,55.0,Male,Hyderabad,Chair,Furniture,10,1085.13,10851.3,9,2025,September
TXN0160,ORD100161,2025-10-22,CUST2562,Customer_280,65.0,Male,Bengaluru,Rice,Grocery,3,145.78,437.34,10,2025,October
TXN0161,ORD100162,2025-06-03,CUST9297,Customer_488,27.0,Female,Kolkata,Mobile,Electronics,9,22636.01,203724.09,6,2025,June
TXN0162,ORD100163,2025-11-04,CUST2295,Customer_319,57.0,Male,Mumbai,Book,Education,6,39830.65,238983.9,11,2025,November
TXN0163,ORD100164,2025-01-07,CUST3839,Customer_274,61.0,Male,Bengaluru,Mobile,Electronics,10,41054.72,410547.2,1,2025,January
TXN0164,ORD100165,2026-01-01,CUST8010,Customer_187,41.0,Female,Hyderabad,Rice,Grocery,4,35300.11,141200.44,1,2026,January
TXN0165,ORD100166,2025-10-20,CUST9008,Customer_279,54.0,Female,Hyderabad,Book,Education,5,25053.25,125266.25,10,2025,October
TXN0166,ORD100167,2025-09-04,CUST3714,Customer_295,37.0,Female,Patna,Rice,Grocery,7,23674.97,165724.79,9,2025,September
TXN0167,ORD100168,2025-03-03,CUST5036,Customer_468,32.0,Male,Patna,Chair,Furniture,8,37436.26,299490.08,3,2025,March
TXN0168,ORD100169,2025-08-06,CUST1479,Customer_375,35.0,Female,Bengaluru,Chair,Furniture,10,31730.57,317305.7,8,2025,August
TXN0169,ORD100170,2025-04-04,CUST9875,Customer_6,49.0,Male,Bengaluru,Laptop,Electronics,4,30139.27,120557.08,4,2025,April
TXN0170,ORD100171,2025-01-20,CUST3522,Customer_67,24.0,Male,Bengaluru,Chair,Furniture,3,10289.67,30869.01,1,2025,January
TXN0171,ORD100172,2025-05-10,CUST4062,Customer_23,56.0,Female,Mumbai,Chair,Furniture,1,8906.18,8906.18,5,2025,May
TXN0172,ORD100173,2025-01-26,CUST4009,Customer_273,18.0,Male,Hyderabad,Rice,Grocery,2,21856.64,43713.28,1,2025,January
TXN0173,ORD100174,2025-04-08,CUST4685,Customer_22,35.0,Male,Gaya,Rice,Grocery,9,26781.39,241032.51,4,2025,April
TXN0174,ORD100175,2025-06-07,CUST3564,Customer_267,41.0,Male,Patna,Rice,Grocery,9,49390.42,444513.78,6,2025,June
TXN0175,ORD100176,2025-01-11,CUST8722,Customer_475,21.0,Male,Mumbai,Laptop,Electronics,9,21792.76,196134.84,1,2025,January
TXN0176,ORD100177,2025-06-04,CUST3602,Customer_295,54.0,Male,Pune,Mobile,Electronics,4,16850.46,67401.84,6,2025,June
TXN0177,ORD100178,2025-06-21,CUST9812,Customer_333,20.0,Female,Pune,Mobile,Electronics,2,14098.13,28196.26,6,2025,June
TXN0178,ORD100179,2025-07-01,CUST4747,Customer_193,44.0,Male,Gaya,Mobile,Electronics,3,34033.11,102099.33,7,2025,July
TXN0179,ORD100180,2025-03-05,CUST1766,Customer_319,27.0,Male,Kolkata,Laptop,Electronics,5,1423.81,7119.05,3,2025,March
TXN0180,ORD100181,2025-10-31,CUST3366,Customer_363,55.0,Male,Delhi,Rice,Grocery,8,29735.57,237884.56,10,2025,October
TXN0181,ORD100182,2025-01-26,CUST1215,Customer_19,35.0,Male,Gaya,Chair,Furniture,7,1481.0,10367.0,1,2025,January
TXN0182,ORD100183,2025-11-14,CUST3508,Customer_163,60.0,Female,Pune,Laptop,Electronics,8,23129.36,185034.88,11,2025,November
TXN0183,ORD100184,2025-10-24,CUST5988,Customer_266,43.0,Male,Kolkata,Chair,Furniture,2,44336.38,88672.76,10,2025,October
TXN0184,ORD100185,2025-01-15,CUST3662,Customer_223,34.0,Female,Hyderabad,Laptop,Electronics,5,2983.97,14919.85,1,2025,January
TXN0185,ORD100186,2025-03-08,CUST3397,Customer_101,44.0,Male,Gaya,Chair,Furniture,3,8820.55,26461.65,3,2025,March
TXN0186,ORD100187,2025-05-13,CUST4777,Customer_233,60.0,Female,Gaya,Laptop,Electronics,1,21001.73,21001.73,5,2025,May
TXN0187,ORD100188,2025-04-27,CUST9059,Customer_288,33.0,Male,Delhi,Laptop,Electronics,9,16767.5,150907.5,4,2025,April
TXN0188,ORD100189,2025-06-26,CUST5600,Customer_176,27.0,Male,Bengaluru,Rice,Grocery,3,47959.38,143878.14,6,2025,June
TXN0189,ORD100190,2025-09-08,CUST7574,Customer_66,43.0,Female,Delhi,Chair,Furniture,5,7642.84,38214.2,9,2025,September
TXN0190,ORD100191,2025-11-27,CUST1436,Customer_144,60.0,Female,Delhi,Laptop,Electronics,10,1959.05,19590.5,11,2025,November
TXN0191,ORD100192,2025-02-26,CUST3625,Customer_382,55.0,Female,Kolkata,Mobile,Electronics,4,26460.39,105841.56,2,2025,February
TXN0192,ORD100193,2025-06-05,CUST5168,Customer_295,25.0,Male,Hyderabad,Laptop,Electronics,6,9132.85,54797.1,6,2025,June
TXN0193,ORD100194,2025-06-13,CUST6821,Customer_73,24.0,Male,Pune,Book,Education,8,34260.45,274083.6,6,2025,June
TXN0194,ORD100195,2025-08-06,CUST6228,Customer_466,41.0,Female,Pune,Book,Education,4,22321.8,89287.2,8,2025,August
TXN0195,ORD100196,2025-11-19,CUST3002,Customer_57,61.0,Male,Mumbai,Book,Education,8,27492.16,219937.28,11,2025,November
TXN0196,ORD100197,2025-10-26,CUST3685,Customer_94,23.0,Female,Delhi,Chair,Furniture,1,35489.21,35489.21,10,2025,October
TXN0197,ORD100198,2025-02-08,CUST3417,Customer_102,36.0,Male,Patna,Laptop,Electronics,8,31510.55,252084.4,2,2025,February
TXN0198,ORD100199,2025-01-04,CUST7187,Customer_149,38.0,Male,Patna,Mobile,Electronics,1,16633.85,16633.85,1,2025,January
TXN0199,ORD100200,2025-02-24,CUST2953,Customer_435,41.0,Female,Kolkata,Rice,Grocery,8,27608.55,220868.4,2,2025,February
TXN0200,ORD100201,2025-12-23,CUST2779,Customer_336,44.0,Female,Patna,Rice,Grocery,7,25521.26,178648.82,12,2025,December
TXN0201,ORD100202,2025-02-26,CUST6564,Customer_216,59.0,Female,Patna,Mobile,Electronics,4,35658.89,142635.56,2,2025,February
TXN0202,ORD100203,2025-03-10,CUST4996,Customer_449,61.0,Female,Hyderabad,Laptop,Electronics,8,18088.02,144704.16,3,2025,March
TXN0203,ORD100204,2025-12-16,CUST2428,Customer_127,52.0,Female,Mumbai,Book,Education,3,16041.29,48123.87,12,2025,December
TXN0204,ORD100205,2025-02-26,CUST2448,Customer_444,59.0,Female,Kolkata,Chair,Furniture,9,16533.74,148803.66,2,2025,February
TXN0205,ORD100206,2025-03-09,CUST1049,Customer_243,55.0,Female,Hyderabad,Book,Education,1,16714.64,16714.64,3,2025,March
TXN0206,ORD100207,2025-08-30,CUST9728,Customer_338,45.0,Male,Gaya,Rice,Grocery,4,46356.08,185424.32,8,2025,August
TXN0207,ORD100208,2025-02-25,CUST6932,Customer_304,31.0,Male,Kolkata,Shoes,Fashion,8,2636.28,21090.24,2,2025,February
TXN0208,ORD100209,2025-04-05,CUST9159,Customer_12,40.0,Female,Kolkata,Mobile,Electronics,6,34808.76,208852.56,4,2025,April
TXN0209,ORD100210,2025-08-25,CUST6518,Customer_410,44.0,Female,Hyderabad,Shoes,Fashion,10,17713.87,177138.7,8,2025,August
TXN0210,ORD100211,2025-04-16,CUST4756,Customer_15,55.0,Female,Bengaluru,Book,Education,3,4421.33,13263.99,4,2025,April
TXN0211,ORD100212,2025-04-10,CUST7659,Customer_445,20.0,Male,Patna,Chair,Furniture,1,49067.82,49067.82,4,2025,April
TXN0212,ORD100213,2025-11-09,CUST6727,Customer_452,34.0,Female,Mumbai,Mobile,Electronics,6,18644.18,111865.08,11,2025,November
TXN0213,ORD100214,2025-08-25,CUST8049,Customer_384,37.0,Female,Delhi,Laptop,Electronics,9,14462.81,130165.29,8,2025,August
TXN0214,ORD100215,2025-07-18,CUST4705,Customer_53,43.0,Female,Hyderabad,Shoes,Fashion,1,29838.32,29838.32,7,2025,July
TXN0215,ORD100216,2025-03-20,CUST5355,Customer_108,23.0,Male,Delhi,Rice,Grocery,5,9508.4,47542.0,3,2025,March
TXN0216,ORD100217,2025-03-23,CUST3186,Customer_412,60.0,Female,Delhi,Mobile,Electronics,4,39054.95,156219.8,3,2025,March
TXN0217,ORD100218,2025-10-07,CUST1822,Customer_174,39.0,Male,Kolkata,Mobile,Electronics,6,20308.85,121853.1,10,2025,October
TXN0218,ORD100219,2025-01-13,CUST9645,Customer_341,25.0,Female,Hyderabad,Rice,Grocery,4,15549.95,62199.8,1,2025,January
TXN0219,ORD100220,2025-09-14,CUST2997,Customer_181,23.0,Female,Hyderabad,Laptop,Electronics,1,34192.3,34192.3,9,2025,September
TXN0220,ORD100221,2025-04-27,CUST2088,Customer_382,65.0,Female,Hyderabad,Book,Education,2,12214.1,24428.2,4,2025,April
TXN0221,ORD100222,2025-07-13,CUST1711,Customer_36,20.0,Female,Bengaluru,Shoes,Fashion,10,49086.64,490866.4,7,2025,July
TXN0222,ORD100223,2025-01-10,CUST9840,Customer_347,38.0,Female,Bengaluru,Mobile,Electronics,8,20404.62,163236.96,1,2025,January
TXN0223,ORD100224,2025-12-06,CUST7613,Customer_432,22.0,Male,Mumbai,Laptop,Electronics,8,49347.28,394778.24,12,2025,December
TXN0224,ORD100225,2025-12-07,CUST1443,Customer_315,37.0,Female,Unknown,Rice,Grocery,1,25336.7,25336.7,12,2025,December
TXN0225,ORD100226,2025-02-08,CUST9319,Customer_434,54.0,Female,Pune,Rice,Grocery,5,7361.11,36805.55,2,2025,February
TXN0226,ORD100227,2025-04-07,CUST6773,Customer_200,22.0,Male,Hyderabad,Laptop,Electronics,4,33205.94,132823.76,4,2025,April
TXN0227,ORD100228,2025-06-19,CUST5214,Customer_142,63.0,Female,Patna,Chair,Furniture,4,21609.52,86438.08,6,2025,June
TXN0228,ORD100229,2025-07-08,CUST3618,Customer_131,28.0,Male,Pune,Laptop,Electronics,10,33072.39,330723.9,7,2025,July
TXN0229,ORD100230,2025-11-01,CUST3668,Customer_415,63.0,Male,Patna,Mobile,Electronics,6,46679.69,280078.14,11,2025,November
TXN0230,ORD100231,2025-05-16,CUST7315,Customer_283,45.0,Female,Mumbai,Book,Education,3,17931.34,53794.02,5,2025,May
TXN0231,ORD100232,2025-04-11,CUST9158,Customer_297,61.0,Male,Gaya,Chair,Furniture,4,5518.32,22073.28,4,2025,April
TXN0232,ORD100233,2025-06-21,CUST6522,Customer_468,61.0,Male,Mumbai,Book,Education,7,15331.09,107317.63,6,2025,June
TXN0233,ORD100234,2025-09-05,CUST3760,Customer_360,63.0,Female,Bengaluru,Shoes,Fashion,1,41626.11,41626.11,9,2025,September
TXN0234,ORD100235,2025-10-22,CUST5079,Customer_348,41.0,Female,Bengaluru,Chair,Furniture,8,33479.62,267836.96,10,2025,October
TXN0235,ORD100236,2025-05-19,CUST6082,Customer_301,62.0,Male,Mumbai,Laptop,Electronics,9,44135.66,397220.94,5,2025,May
TXN0236,ORD100237,2025-06-25,CUST8311,Customer_225,32.0,Male,Bengaluru,Mobile,Electronics,10,4504.89,45048.9,6,2025,June
TXN0237,ORD100238,2025-02-04,CUST5945,Customer_49,40.0,Female,Kolkata,Shoes,Fashion,7,28710.98,200976.86,2,2025,February
TXN0238,ORD100239,2025-02-23,CUST9191,Customer_323,38.0,Male,Hyderabad,Book,Education,6,25562.3,153373.8,2,2025,February
TXN0239,ORD100050,2025-03-01,CUST8467,Customer_104,23.0,Male,Bengaluru,Book,Education,3,2860.83,8582.49,3,2025,March
TXN0240,ORD100241,2025-02-12,CUST1197,Customer_419,36.0,Male,Pune,Book,Education,4,1486.03,5944.12,2,2025,February
TXN0241,ORD100242,2025-12-22,CUST6111,Customer_204,34.0,Female,Hyderabad,Laptop,Electronics,8,4159.17,33273.36,12,2025,December
TXN0242,ORD100243,2025-05-04,CUST1367,Customer_48,21.0,Female,Bengaluru,Book,Education,7,6218.47,43529.29,5,2025,May
TXN0243,ORD100244,2025-03-27,CUST6584,Customer_449,21.0,Male,Mumbai,Mobile,Electronics,10,29646.26,296462.6,3,2025,March
TXN0244,ORD100245,2025-09-21,CUST2862,Customer_122,25.0,Male,Bengaluru,Rice,Grocery,7,10674.88,74724.16,9,2025,September
TXN0245,ORD100246,2025-05-31,CUST4094,Customer_382,51.0,Male,Hyderabad,Rice,Grocery,4,44577.29,178309.16,5,2025,May
TXN0246,ORD100247,2025-09-17,CUST5129,Customer_404,54.0,Male,Bengaluru,Book,Education,6,36587.03,219522.18,9,2025,September
TXN0247,ORD100248,2025-02-09,CUST4629,Customer_167,40.0,Female,Patna,Mobile,Electronics,3,25277.79,75833.37,2,2025,February
TXN0248,ORD100249,2025-01-23,CUST5454,Customer_368,19.0,Female,Hyderabad,Chair,Furniture,10,30855.5,308555.0,1,2025,January
TXN0249,ORD100250,2025-12-20,CUST3169,Customer_138,41.0,Female,Delhi,Mobile,Electronics,7,19829.73,138808.11,12,2025,December
TXN0250,ORD100251,2025-04-02,CUST9047,Customer_363,42.0,Male,Patna,Laptop,Electronics,7,46461.17,325228.19,4,2025,April
TXN0251,ORD100252,2025-08-28,CUST9097,Customer_384,26.0,Male,Hyderabad,Book,Education,2,32168.36,64336.72,8,2025,August
TXN0252,ORD100253,2025-04-16,CUST2006,Customer_131,50.0,Male,Kolkata,Book,Education,2,1655.36,3310.72,4,2025,April
TXN0253,ORD100254,2025-08-17,CUST5418,Customer_491,41.0,Female,Kolkata,Book,Education,4,44463.18,177852.72,8,2025,August
TXN0254,ORD100255,2025-05-02,CUST8067,Customer_283,47.0,Female,Patna,Chair,Furniture,6,43576.14,261456.84,5,2025,May
TXN0255,ORD100256,2025-05-03,CUST3080,Customer_378,41.0,Female,Pune,Chair,Furniture,1,43789.89,43789.89,5,2025,May
TXN0256,ORD100257,2025-12-15,CUST6728,Customer_413,64.0,Male,Bengaluru,Mobile,Electronics,1,34757.71,34757.71,12,2025,December
TXN0257,ORD100258,2025-09-10,CUST7801,Customer_150,41.0,Male,Pune,Chair,Furniture,7,6196.22,43373.54,9,2025,September
TXN0258,ORD100259,2025-06-18,CUST4686,Customer_473,27.0,Male,Pune,Rice,Grocery,8,36364.84,290918.72,6,2025,June
TXN0259,ORD100260,2025-01-20,CUST6345,Customer_420,32.0,Male,Hyderabad,Chair,Furniture,3,15948.34,47845.02,1,2025,January
TXN0260,ORD100261,2025-07-09,CUST6927,Customer_165,23.0,Male,Gaya,Chair,Furniture,5,17292.4,86462.0,7,2025,July
TXN0261,ORD100262,2025-10-28,CUST8686,Customer_404,56.0,Female,Patna,Chair,Furniture,6,29255.02,175530.12,10,2025,October
TXN0262,ORD100263,2025-06-22,CUST6585,Customer_214,21.0,Male,Hyderabad,Rice,Grocery,4,25906.46,103625.84,6,2025,June
TXN0263,ORD100264,2025-04-18,CUST7176,Customer_434,33.0,Male,Bengaluru,Chair,Furniture,9,6110.1,54990.9,4,2025,April
TXN0264,ORD100265,2025-05-04,CUST9233,Customer_485,35.0,Male,Hyderabad,Chair,Furniture,10,36331.75,363317.5,5,2025,May
TXN0265,ORD100266,2025-11-26,CUST7501,Customer_2,40.0,Female,Gaya,Rice,Grocery,8,6459.95,51679.6,11,2025,November
TXN0266,ORD100267,2025-05-06,CUST7082,Customer_492,21.0,Female,Bengaluru,Book,Education,4,25164.5,100658.0,5,2025,May
TXN0267,ORD100268,2025-04-04,CUST2463,Customer_390,25.0,Male,Bengaluru,Laptop,Electronics,5,49665.71,248328.55,4,2025,April
TXN0268,ORD100269,2025-08-01,CUST1662,Customer_365,31.0,Female,Pune,Book,Education,7,13789.53,96526.71,8,2025,August
TXN0269,ORD100270,2025-10-25,CUST7413,Customer_4,54.0,Male,Kolkata,Laptop,Electronics,5,16404.25,82021.25,10,2025,October
TXN0270,ORD100271,2025-12-26,CUST1994,Customer_390,48.0,Male,Pune,Book,Education,3,32373.88,97121.64,12,2025,December
TXN0271,ORD100272,2025-08-03,CUST6173,Customer_51,22.0,Male,Pune,Mobile,Electronics,7,21466.96,150268.72,8,2025,August
TXN0272,ORD100273,2025-01-10,CUST7374,Customer_375,62.0,Female,Patna,Book,Education,5,47201.84,236009.2,1,2025,January
TXN0273,ORD100274,2025-09-11,CUST4737,Customer_367,22.0,Female,Patna,Book,Education,5,36171.66,180858.3,9,2025,September
TXN0274,ORD100275,2025-06-07,CUST3689,Customer_335,34.0,Female,Patna,Laptop,Electronics,8,47311.77,378494.16,6,2025,June
TXN0275,ORD100276,2025-09-06,CUST6444,Customer_251,23.0,Female,Mumbai,Book,Education,9,28865.26,259787.34,9,2025,September
TXN0276,ORD100277,2025-09-13,CUST2152,Customer_99,63.0,Female,Bengaluru,Mobile,Electronics,2,48433.7,96867.4,9,2025,September
TXN0277,ORD100278,2025-09-14,CUST1636,Customer_243,63.0,Female,Patna,Chair,Furniture,7,7528.42,52698.94,9,2025,September
TXN0278,ORD100279,2025-09-30,CUST3341,Customer_263,54.0,Male,Gaya,Mobile,Electronics,4,46629.93,186519.72,9,2025,September
TXN0279,ORD100280,2025-08-19,CUST1463,Customer_397,21.0,Female,Bengaluru,Shoes,Fashion,3,32403.32,97209.96,8,2025,August
TXN0280,ORD100281,2025-12-26,CUST3877,Customer_133,18.0,Male,Delhi,Mobile,Electronics,6,14220.63,85323.78,12,2025,December
TXN0281,ORD100282,2025-12-28,CUST6407,Customer_157,26.0,Female,Delhi,Laptop,Electronics,6,5810.2,34861.2,12,2025,December
TXN0282,ORD100283,2025-01-09,CUST4381,Customer_324,39.0,Female,Kolkata,Laptop,Electronics,6,22627.46,135764.76,1,2025,January
TXN0283,ORD100284,2025-05-09,CUST5097,Customer_302,65.0,Female,Mumbai,Mobile,Electronics,9,20619.08,185571.72,5,2025,May
TXN0284,ORD100285,2025-10-17,CUST9910,Customer_110,18.0,Male,Hyderabad,Shoes,Fashion,2,45034.12,90068.24,10,2025,October
TXN0285,ORD100286,2025-10-23,CUST7806,Customer_4,64.0,Female,Hyderabad,Rice,Grocery,2,40768.5,81537.0,10,2025,October
TXN0286,ORD100287,2025-01-11,CUST8105,Customer_385,52.0,Male,Delhi,Mobile,Electronics,3,35888.63,107665.89,1,2025,January
TXN0287,ORD100288,2025-11-04,CUST6002,Customer_83,46.0,Male,Delhi,Laptop,Electronics,9,23875.09,214875.81,11,2025,November
TXN0288,ORD100289,2025-11-07,CUST1334,Customer_364,31.0,Male,Kolkata,Shoes,Fashion,2,17100.29,34200.58,11,2025,November
TXN0289,ORD100290,2025-04-06,CUST9248,Customer_451,51.0,Male,Mumbai,Chair,Furniture,7,15202.84,106419.88,4,2025,April
TXN0290,ORD100291,2025-08-31,CUST7152,Customer_423,22.0,Female,Patna,Mobile,Electronics,6,17696.96,106181.76,8,2025,August
TXN0291,ORD100292,2025-02-20,CUST8650,Customer_384,23.0,Male,Gaya,Rice,Grocery,6,13138.1,78828.6,2,2025,February
TXN0292,ORD100293,2025-04-16,CUST9284,Customer_212,44.0,Female,Kolkata,Book,Education,5,3842.06,19210.3,4,2025,April
TXN0293,ORD100294,2025-03-02,CUST4169,Customer_307,41.0,Female,Hyderabad,Rice,Grocery,4,6495.5,25982.0,3,2025,March
TXN0294,ORD100295,2025-05-04,CUST3464,Customer_1,18.0,Female,Bengaluru,Book,Education,4,43207.48,172829.92,5,2025,May
TXN0295,ORD100296,2025-07-04,CUST8294,Customer_103,30.0,Female,Hyderabad,Book,Education,4,49876.67,199506.68,7,2025,July
TXN0296,ORD100297,2025-11-18,CUST4845,Customer_401,18.0,Male,Mumbai,Chair,Furniture,1,2599.12,2599.12,11,2025,November
TXN0297,ORD100298,2025-07-28,CUST6538,Customer_365,37.0,Female,Pune,Mobile,Electronics,4,6652.95,26611.8,7,2025,July
TXN0298,ORD100299,2025-03-25,CUST6028,Customer_58,39.0,Male,Delhi,Laptop,Electronics,4,20533.23,82132.92,3,2025,March
TXN0299,ORD100300,2025-07-01,CUST7944,Customer_282,41.0,Male,Unknown,Chair,Furniture,6,28595.31,171571.86,7,2025,July
TXN0300,ORD100301,2025-09-12,CUST5406,Customer_164,30.0,Male,Kolkata,Mobile,Electronics,5,9509.13,47545.65,9,2025,September
TXN0301,ORD100302,2025-08-09,CUST9552,Customer_340,30.0,Male,Patna,Chair,Furniture,7,1106.55,7745.85,8,2025,August
TXN0302,ORD100303,2025-03-27,CUST3059,Customer_104,36.0,Male,Patna,Shoes,Fashion,6,39075.07,234450.42,3,2025,March
TXN0303,ORD100304,2025-07-06,CUST1183,Customer_189,20.0,Female,Gaya,Chair,Furniture,7,7046.4,49324.8,7,2025,July
TXN0304,ORD100305,2025-08-27,CUST1088,Customer_1,40.0,Male,Patna,Shoes,Fashion,5,40763.95,203819.75,8,2025,August
TXN0305,ORD100306,2025-08-02,CUST8195,Customer_388,52.0,Female,Patna,Shoes,Fashion,1,3727.43,3727.43,8,2025,August
TXN0306,ORD100307,2026-01-01,CUST1231,Customer_339,53.0,Male,Patna,Rice,Grocery,4,46771.94,187087.76,1,2026,January
TXN0307,ORD100308,2025-12-12,CUST6206,Customer_18,50.0,Male,Kolkata,Book,Education,7,43207.91,302455.37,12,2025,December
TXN0308,ORD100309,2025-03-23,CUST7625,Customer_251,50.0,Female,Patna,Book,Education,3,5803.11,17409.33,3,2025,March
TXN0309,ORD100310,2025-07-29,CUST1762,Customer_141,27.0,Male,Delhi,Book,Education,4,30974.95,123899.8,7,2025,July
TXN0310,ORD100311,2025-09-08,CUST1743,Customer_222,56.0,Male,Hyderabad,Shoes,Fashion,4,40276.76,161107.04,9,2025,September
TXN0311,ORD100312,2025-11-12,CUST9788,Customer_229,64.0,Male,Hyderabad,Mobile,Electronics,8,17270.72,138165.76,11,2025,November
TXN0312,ORD100313,2025-10-23,CUST2687,Customer_190,64.0,Female,Hyderabad,Book,Education,6,8249.36,49496.16,10,2025,October
TXN0313,ORD100314,2025-07-22,CUST3094,Customer_47,49.0,Female,Bengaluru,Mobile,Electronics,8,42935.06,343480.48,7,2025,July
TXN0314,ORD100315,2025-06-08,CUST7059,Customer_224,51.0,Female,Delhi,Laptop,Electronics,8,1722.06,13776.48,6,2025,June
TXN0315,ORD100316,2025-04-21,CUST8229,Customer_161,32.0,Male,Pune,Mobile,Electronics,5,25857.91,129289.55,4,2025,April
TXN0316,ORD100317,2025-02-25,CUST9307,Customer_274,37.0,Female,Hyderabad,Book,Education,4,47319.13,189276.52,2,2025,February
TXN0317,ORD100318,2025-01-30,CUST2457,Customer_462,51.0,Male,Kolkata,Mobile,Electronics,2,21816.67,43633.34,1,2025,January
TXN0318,ORD100319,2025-06-08,CUST5057,Customer_158,52.0,Female,Patna,Shoes,Fashion,3,10075.98,30227.94,6,2025,June
TXN0319,ORD100320,2025-05-07,CUST1516,Customer_148,52.0,Male,Mumbai,Laptop,Electronics,9,22182.44,199641.96,5,2025,May
TXN0320,ORD100321,2025-06-22,CUST4527,Customer_359,54.0,Male,Mumbai,Book,Education,6,35006.3,210037.8,6,2025,June
TXN0321,ORD100322,2025-08-15,CUST2650,Customer_276,56.0,Female,Kolkata,Chair,Furniture,10,16222.64,162226.4,8,2025,August
TXN0322,ORD100323,2025-09-20,CUST1932,Customer_369,35.0,Male,Delhi,Mobile,Electronics,4,1935.28,7741.12,9,2025,September
TXN0323,ORD100324,2025-07-20,CUST2094,Customer_165,54.0,Female,Hyderabad,Book,Education,4,28385.87,113543.48,7,2025,July
TXN0324,ORD100325,2025-08-26,CUST7196,Customer_286,40.0,Male,Delhi,Chair,Furniture,8,33388.11,267104.88,8,2025,August
TXN0325,ORD100326,2025-05-27,CUST2537,Customer_32,30.0,Female,Bengaluru,Mobile,Electronics,1,1005.21,1005.21,5,2025,May
TXN0326,ORD100327,2025-03-30,CUST9627,Customer_444,47.0,Male,Gaya,Rice,Grocery,5,27900.36,139501.8,3,2025,March
TXN0327,ORD100328,2025-05-06,CUST3044,Customer_27,65.0,Female,Bengaluru,Rice,Grocery,10,31855.44,318554.4,5,2025,May
TXN0328,ORD100329,2025-04-12,CUST9693,Customer_343,48.0,Male,Patna,Book,Education,9,45988.02,413892.18,4,2025,April
TXN0329,ORD100330,2025-10-14,CUST5621,Customer_427,62.0,Female,Delhi,Shoes,Fashion,7,19261.81,134832.67,10,2025,October
TXN0330,ORD100331,2025-04-28,CUST6067,Customer_316,55.0,Male,Patna,Laptop,Electronics,8,22233.15,177865.2,4,2025,April
TXN0331,ORD100332,2025-02-03,CUST9465,Customer_470,44.0,Male,Kolkata,Shoes,Fashion,4,2247.11,8988.44,2,2025,February
TXN0332,ORD100333,2025-07-23,CUST3773,Customer_336,41.0,Female,Pune,Chair,Furniture,6,27965.93,167795.58,7,2025,July
TXN0333,ORD100334,2025-01-29,CUST5933,Customer_92,29.0,Male,Mumbai,Chair,Furniture,5,13013.63,65068.15,1,2025,January
TXN0334,ORD100335,2025-10-16,CUST8904,Customer_152,28.0,Female,Kolkata,Rice,Grocery,2,31943.19,63886.38,10,2025,October
TXN0335,ORD100336,2025-02-24,CUST2599,Customer_390,35.0,Male,Mumbai,Laptop,Electronics,5,26823.14,134115.7,2,2025,February
TXN0336,ORD100337,2025-12-05,CUST5249,Customer_236,57.0,Male,Pune,Shoes,Fashion,10,11637.38,116373.8,12,2025,December
TXN0337,ORD100338,2025-09-21,CUST9849,Customer_264,53.0,Female,Delhi,Chair,Furniture,5,38518.95,192594.75,9,2025,September
TXN0338,ORD100339,2025-03-02,CUST3891,Customer_453,65.0,Male,Mumbai,Laptop,Electronics,6,25123.86,150743.16,3,2025,March
TXN0339,ORD100340,2025-10-28,CUST8154,Customer_224,47.0,Female,Pune,Mobile,Electronics,9,47289.86,425608.74,10,2025,October
TXN0340,ORD100341,2025-02-13,CUST1614,Customer_267,52.0,Female,Bengaluru,Book,Education,4,18655.09,74620.36,2,2025,February
TXN0341,ORD100342,2025-01-28,CUST9557,Customer_475,47.0,Male,Mumbai,Book,Education,3,45718.65,137155.95,1,2025,January
TXN0342,ORD100343,2025-10-29,CUST9253,Customer_371,50.0,Female,Pune,Rice,Grocery,10,21580.33,215803.3,10,2025,October
TXN0343,ORD100344,2025-12-18,CUST2794,Customer_98,31.0,Female,Patna,Shoes,Fashion,5,10932.32,54661.6,12,2025,December
TXN0344,ORD100345,2025-05-01,CUST1463,Customer_257,56.0,Female,Gaya,Mobile,Electronics,6,12740.73,76444.38,5,2025,May
TXN0345,ORD100346,2025-02-09,CUST2051,Customer_103,31.0,Male,Bengaluru,Rice,Grocery,9,12137.54,109237.86,2,2025,February
TXN0346,ORD100347,2025-02-16,CUST1577,Customer_59,37.0,Male,Delhi,Shoes,Fashion,1,36943.51,36943.51,2,2025,February
TXN0347,ORD100348,2025-07-16,CUST7654,Customer_172,42.0,Male,Delhi,Rice,Grocery,2,33566.2,67132.4,7,2025,July
TXN0348,ORD100349,2025-03-27,CUST9304,Customer_216,38.0,Female,Bengaluru,Shoes,Fashion,2,32332.27,64664.54,3,2025,March
TXN0349,ORD100350,2025-07-11,CUST9709,Customer_409,41.0,Male,Pune,Laptop,Electronics,8,47254.7,378037.6,7,2025,July
TXN0350,ORD100351,2025-03-26,CUST6828,Customer_222,50.0,Male,Bengaluru,Chair,Furniture,3,42538.14,127614.42,3,2025,March
TXN0351,ORD100352,2025-02-24,CUST1170,Customer_67,37.0,Male,Mumbai,Mobile,Electronics,4,25840.34,103361.36,2,2025,February
TXN0352,ORD100353,2025-02-13,CUST3075,Customer_249,55.0,Male,Bengaluru,Laptop,Electronics,1,8162.84,8162.84,2,2025,February
TXN0353,ORD100354,2025-11-08,CUST7104,Customer_498,34.0,Male,Mumbai,Chair,Furniture,5,49012.25,245061.25,11,2025,November
TXN0354,ORD100355,2025-10-20,CUST3265,Customer_256,29.0,Male,Gaya,Rice,Grocery,5,19538.67,97693.35,10,2025,October
TXN0355,ORD100356,2025-08-17,CUST4601,Customer_82,55.0,Female,Hyderabad,Book,Education,1,5053.68,5053.68,8,2025,August
TXN0356,ORD100357,2025-07-15,CUST5743,Customer_248,28.0,Male,Gaya,Laptop,Electronics,6,14400.18,86401.08,7,2025,July
TXN0357,ORD100358,2025-08-11,CUST8871,Customer_345,43.0,Female,Kolkata,Chair,Furniture,4,28464.26,113857.04,8,2025,August
TXN0358,ORD100359,2025-01-26,CUST3763,Customer_221,32.0,Female,Delhi,Shoes,Fashion,5,40682.5,203412.5,1,2025,January
TXN0359,ORD100050,2025-02-11,CUST6467,Customer_181,24.0,Female,Pune,Rice,Grocery,7,45480.39,318362.73,2,2025,February
TXN0360,ORD100361,2025-04-26,CUST7309,Customer_266,52.0,Female,Delhi,Book,Education,6,42742.96,256457.76,4,2025,April
TXN0361,ORD100362,2025-10-01,CUST3281,Customer_243,64.0,Female,Pune,Laptop,Electronics,10,19010.69,190106.9,10,2025,October
TXN0362,ORD100363,2025-04-30,CUST9724,Customer_220,35.0,Male,Pune,Laptop,Electronics,5,31244.32,156221.6,4,2025,April
TXN0363,ORD100364,2025-11-16,CUST5468,Customer_463,32.0,Male,Bengaluru,Laptop,Electronics,7,42733.08,299131.56,11,2025,November
TXN0364,ORD100365,2025-12-30,CUST7621,Customer_375,61.0,Female,Gaya,Shoes,Fashion,1,44751.42,44751.42,12,2025,December
TXN0365,ORD100366,2025-03-13,CUST9551,Customer_230,18.0,Male,Bengaluru,Mobile,Electronics,10,47493.59,474935.9,3,2025,March
TXN0366,ORD100367,2025-09-07,CUST3023,Customer_223,43.0,Female,Gaya,Shoes,Fashion,8,46122.45,368979.6,9,2025,September
TXN0367,ORD100368,2025-06-06,CUST5318,Customer_376,61.0,Male,Bengaluru,Shoes,Fashion,3,31028.12,93084.36,6,2025,June
TXN0368,ORD100369,2025-06-12,CUST9900,Customer_496,26.0,Male,Bengaluru,Shoes,Fashion,2,48986.48,97972.96,6,2025,June
TXN0369,ORD100370,2025-01-26,CUST6142,Customer_410,37.0,Male,Patna,Mobile,Electronics,10,12839.38,128393.8,1,2025,January
TXN0370,ORD100371,2025-09-25,CUST8318,Customer_189,29.0,Female,Kolkata,Mobile,Electronics,1,6050.27,6050.27,9,2025,September
TXN0371,ORD100372,2025-06-15,CUST9485,Customer_43,57.0,Male,Mumbai,Mobile,Electronics,2,42518.8,85037.6,6,2025,June
TXN0372,ORD100373,2025-06-04,CUST9022,Customer_131,49.0,Female,Mumbai,Rice,Grocery,4,22806.21,91224.84,6,2025,June
TXN0373,ORD100374,2025-01-18,CUST4041,Customer_433,32.0,Female,Bengaluru,Laptop,Electronics,4,39453.46,157813.84,1,2025,January
TXN0374,ORD100375,2025-05-06,CUST5835,Customer_362,20.0,Male,Unknown,Laptop,Electronics,2,28311.58,56623.16,5,2025,May
TXN0375,ORD100376,2025-02-28,CUST9776,Customer_345,54.0,Female,Delhi,Rice,Grocery,3,11513.96,34541.88,2,2025,February
TXN0376,ORD100377,2025-10-25,CUST9292,Customer_89,33.0,Male,Bengaluru,Shoes,Fashion,8,16079.7,128637.6,10,2025,October
TXN0377,ORD100378,2025-09-29,CUST3607,Customer_266,64.0,Female,Patna,Book,Education,5,21152.92,105764.6,9,2025,September
TXN0378,ORD100379,2025-04-28,CUST1032,Customer_20,22.0,Female,Pune,Mobile,Electronics,7,20998.7,146990.9,4,2025,April
TXN0379,ORD100380,2025-04-04,CUST6531,Customer_218,57.0,Male,Kolkata,Rice,Grocery,6,13054.61,78327.66,4,2025,April
TXN0380,ORD100381,2025-06-07,CUST4482,Customer_139,53.0,Male,Pune,Mobile,Electronics,9,46780.58,421025.22,6,2025,June
TXN0381,ORD100382,2025-10-16,CUST4655,Customer_167,35.0,Male,Kolkata,Shoes,Fashion,7,34258.83,239811.81,10,2025,October
TXN0382,ORD100383,2025-08-25,CUST3365,Customer_80,23.0,Male,Delhi,Mobile,Electronics,7,17055.84,119390.88,8,2025,August
TXN0383,ORD100384,2025-10-15,CUST1481,Customer_40,40.0,Female,Patna,Chair,Furniture,10,7876.48,78764.8,10,2025,October
TXN0384,ORD100385,2025-11-24,CUST2242,Customer_331,53.0,Female,Delhi,Mobile,Electronics,10,34976.79,349767.9,11,2025,November
TXN0385,ORD100386,2025-06-30,CUST8164,Customer_156,34.0,Female,Delhi,Chair,Furniture,8,38672.34,309378.72,6,2025,June
TXN0386,ORD100387,2025-06-17,CUST9469,Customer_426,18.0,Female,Kolkata,Shoes,Fashion,1,48695.59,48695.59,6,2025,June
TXN0387,ORD100388,2025-10-04,CUST3129,Customer_138,39.0,Male,Hyderabad,Book,Education,9,41871.43,376842.87,10,2025,October
TXN0388,ORD100389,2025-08-30,CUST6180,Customer_73,64.0,Male,Patna,Mobile,Electronics,6,26179.81,157078.86,8,2025,August
TXN0389,ORD100390,2025-03-23,CUST2671,Customer_58,52.0,Male,Delhi,Shoes,Fashion,1,23398.57,23398.57,3,2025,March
TXN0390,ORD100391,2025-03-30,CUST6111,Customer_388,20.0,Male,Kolkata,Laptop,Electronics,5,24596.56,122982.8,3,2025,March
TXN0391,ORD100392,2025-08-11,CUST9927,Customer_357,37.0,Female,Bengaluru,Shoes,Fashion,1,35804.49,35804.49,8,2025,August
TXN0392,ORD100393,2025-09-09,CUST3393,Customer_175,24.0,Female,Hyderabad,Mobile,Electronics,3,36239.15,108717.45,9,2025,September
TXN0393,ORD100394,2025-11-22,CUST5569,Customer_188,27.0,Female,Pune,Shoes,Fashion,5,21143.07,105715.35,11,2025,November
TXN0394,ORD100395,2025-04-01,CUST5128,Customer_192,47.0,Male,Bengaluru,Rice,Grocery,8,30277.06,242216.48,4,2025,April
TXN0395,ORD100396,2025-10-26,CUST8053,Customer_159,53.0,Female,Mumbai,Laptop,Electronics,4,41264.56,165058.24,10,2025,October
TXN0396,ORD100397,2025-02-12,CUST3345,Customer_202,35.0,Female,Gaya,Book,Education,5,11761.9,58809.5,2,2025,February
TXN0397,ORD100398,2025-03-07,CUST6600,Customer_242,58.0,Female,Bengaluru,Mobile,Electronics,9,48807.37,439266.33,3,2025,March
TXN0398,ORD100399,2025-06-14,CUST5615,Customer_56,63.0,Female,Bengaluru,Rice,Grocery,4,1895.99,7583.96,6,2025,June
TXN0399,ORD100400,2025-04-20,CUST5102,Customer_416,41.0,Female,Hyderabad,Book,Education,3,26269.62,78808.86,4,2025,April
TXN0400,ORD100401,2025-01-13,CUST6037,Customer_121,28.0,Male,Patna,Mobile,Electronics,2,1793.29,3586.58,1,2025,January
TXN0401,ORD100402,2025-04-05,CUST2137,Customer_57,40.0,Female,Mumbai,Shoes,Fashion,5,18223.06,91115.3,4,2025,April
TXN0402,ORD100403,2025-02-22,CUST4625,Customer_296,25.0,Female,Gaya,Book,Education,7,43850.91,306956.37,2,2025,February
TXN0403,ORD100404,2025-01-10,CUST4414,Customer_194,53.0,Female,Delhi,Book,Education,1,15617.29,15617.29,1,2025,January
TXN0404,ORD100405,2025-04-05,CUST5778,Customer_346,37.0,Male,Patna,Shoes,Fashion,2,36062.36,72124.72,4,2025,April
TXN0405,ORD100406,2025-03-21,CUST1528,Customer_170,46.0,Male,Patna,Mobile,Electronics,2,24194.96,48389.92,3,2025,March
TXN0406,ORD100407,2025-06-29,CUST5430,Customer_333,48.0,Male,Mumbai,Shoes,Fashion,3,46253.94,138761.82,6,2025,June
TXN0407,ORD100408,2025-02-28,CUST8759,Customer_20,64.0,Female,Hyderabad,Chair,Furniture,1,22534.47,22534.47,2,2025,February
TXN0408,ORD100409,2025-01-23,CUST9421,Customer_355,64.0,Female,Bengaluru,Shoes,Fashion,5,23003.28,115016.4,1,2025,January
TXN0409,ORD100410,2025-07-07,CUST3440,Customer_28,32.0,Female,Pune,Laptop,Electronics,5,6619.66,33098.3,7,2025,July
TXN0410,ORD100411,2025-07-11,CUST6631,Customer_141,58.0,Male,Kolkata,Book,Education,4,7231.17,28924.68,7,2025,July
TXN0411,ORD100412,2025-12-16,CUST9089,Customer_177,24.0,Male,Patna,Book,Education,10,14441.39,144413.9,12,2025,December
TXN0412,ORD100413,2025-12-03,CUST4703,Customer_394,58.0,Male,Patna,Laptop,Electronics,4,39636.15,158544.6,12,2025,December
TXN0413,ORD100414,2025-07-18,CUST4598,Customer_96,33.0,Female,Patna,Shoes,Fashion,10,6633.6,66336.0,7,2025,July
TXN0414,ORD100415,2025-01-16,CUST3277,Customer_148,46.0,Female,Gaya,Mobile,Electronics,6,31722.52,190335.12,1,2025,January
TXN0415,ORD100416,2025-06-30,CUST5932,Customer_183,62.0,Female,Gaya,Rice,Grocery,3,24990.09,74970.27,6,2025,June
TXN0416,ORD100417,2025-03-25,CUST7628,Customer_120,56.0,Male,Bengaluru,Chair,Furniture,6,26716.59,160299.54,3,2025,March
TXN0417,ORD100418,2025-06-04,CUST9942,Customer_466,29.0,Female,Kolkata,Mobile,Electronics,8,28813.93,230511.44,6,2025,June
TXN0418,ORD100419,2025-08-21,CUST6436,Customer_288,52.0,Male,Bengaluru,Shoes,Fashion,2,2209.43,4418.86,8,2025,August
TXN0419,ORD100420,2025-05-12,CUST2231,Customer_38,51.0,Male,Delhi,Mobile,Electronics,2,572.39,1144.78,5,2025,May
TXN0420,ORD100421,2025-10-04,CUST2956,Customer_177,39.0,Male,Patna,Chair,Furniture,5,26522.29,132611.45,10,2025,October
TXN0421,ORD100422,2025-12-23,CUST1764,Customer_47,24.0,Male,Hyderabad,Laptop,Electronics,2,25875.53,51751.06,12,2025,December
TXN0422,ORD100423,2025-04-03,CUST9649,Customer_322,58.0,Male,Gaya,Mobile,Electronics,9,37176.15,334585.35,4,2025,April
TXN0423,ORD100424,2025-10-03,CUST6655,Customer_192,31.0,Female,Pune,Laptop,Electronics,10,315.67,3156.7,10,2025,October
TXN0424,ORD100425,2025-02-28,CUST4284,Customer_270,46.0,Male,Patna,Mobile,Electronics,1,30640.69,30640.69,2,2025,February
TXN0425,ORD100426,2025-06-21,CUST4269,Customer_268,65.0,Female,Gaya,Laptop,Electronics,8,23432.88,187463.04,6,2025,June
TXN0426,ORD100427,2025-05-31,CUST1253,Customer_334,32.0,Female,Gaya,Laptop,Electronics,3,29297.53,87892.59,5,2025,May
TXN0427,ORD100428,2025-02-14,CUST9754,Customer_304,19.0,Male,Delhi,Chair,Furniture,6,33928.27,203569.62,2,2025,February
TXN0428,ORD100429,2025-08-08,CUST2697,Customer_155,49.0,Male,Hyderabad,Book,Education,6,13857.45,83144.7,8,2025,August
TXN0429,ORD100430,2025-10-24,CUST9209,Customer_233,21.0,Female,Mumbai,Laptop,Electronics,9,29804.26,268238.34,10,2025,October
TXN0430,ORD100431,2025-07-21,CUST4215,Customer_103,28.0,Male,Delhi,Shoes,Fashion,9,12279.11,110511.99,7,2025,July
TXN0431,ORD100432,2025-02-04,CUST2935,Customer_26,28.0,Male,Delhi,Mobile,Electronics,6,5060.75,30364.5,2,2025,February
TXN0432,ORD100433,2025-05-11,CUST9381,Customer_352,45.0,Male,Kolkata,Laptop,Electronics,2,42427.93,84855.86,5,2025,May
TXN0433,ORD100434,2025-06-10,CUST4982,Customer_370,33.0,Male,Delhi,Mobile,Electronics,10,43997.22,439972.2,6,2025,June
TXN0434,ORD100435,2025-01-05,CUST4849,Customer_209,28.0,Male,Patna,Rice,Grocery,1,28812.06,28812.06,1,2025,January
TXN0435,ORD100436,2025-05-28,CUST3418,Customer_499,33.0,Female,Gaya,Mobile,Electronics,1,1229.02,1229.02,5,2025,May
TXN0436,ORD100437,2025-08-01,CUST3459,Customer_320,19.0,Male,Pune,Mobile,Electronics,3,29528.77,88586.31,8,2025,August
TXN0437,ORD100438,2025-11-29,CUST7937,Customer_158,43.0,Female,Mumbai,Chair,Furniture,9,24864.11,223776.99,11,2025,November
TXN0438,ORD100439,2025-12-13,CUST8269,Customer_104,34.0,Female,Bengaluru,Book,Education,8,11693.63,93549.04,12,2025,December
TXN0439,ORD100440,2025-05-26,CUST9209,Customer_173,49.0,Female,Gaya,Shoes,Fashion,2,5988.17,11976.34,5,2025,May
TXN0440,ORD100441,2025-01-22,CUST9619,Customer_491,30.0,Male,Pune,Mobile,Electronics,1,3839.04,3839.04,1,2025,January
TXN0441,ORD100442,2025-08-30,CUST6887,Customer_423,21.0,Male,Delhi,Chair,Furniture,5,3146.73,15733.65,8,2025,August
TXN0442,ORD100443,2025-07-24,CUST8515,Customer_445,22.0,Male,Mumbai,Chair,Furniture,7,33771.26,236398.82,7,2025,July
TXN0443,ORD100444,2025-10-01,CUST9942,Customer_227,47.0,Male,Delhi,Mobile,Electronics,3,28342.81,85028.43,10,2025,October
TXN0444,ORD100445,2025-06-16,CUST1256,Customer_279,34.0,Male,Kolkata,Mobile,Electronics,5,48457.94,242289.7,6,2025,June
TXN0445,ORD100446,2025-02-23,CUST1841,Customer_129,45.0,Male,Kolkata,Book,Education,2,41096.75,82193.5,2,2025,February
TXN0446,ORD100447,2025-02-28,CUST2777,Customer_417,49.0,Male,Gaya,Mobile,Electronics,9,19415.21,174736.89,2,2025,February
TXN0447,ORD100448,2025-02-08,CUST2031,Customer_309,45.0,Female,Gaya,Shoes,Fashion,4,8654.13,34616.52,2,2025,February
TXN0448,ORD100449,2025-02-02,CUST9219,Customer_132,30.0,Female,Gaya,Laptop,Electronics,5,26337.15,131685.75,2,2025,February
TXN0449,ORD100450,2025-02-13,CUST6714,Customer_31,41.0,Female,Unknown,Book,Education,10,43946.96,439469.6,2,2025,February
TXN0450,ORD100451,2025-02-28,CUST3773,Customer_181,27.0,Male,Patna,Chair,Furniture,8,30576.0,244608.0,2,2025,February
TXN0451,ORD100452,2025-01-22,CUST5766,Customer_85,27.0,Male,Gaya,Shoes,Fashion,7,32289.77,226028.39,1,2025,January
TXN0452,ORD100453,2025-08-30,CUST1189,Customer_490,39.0,Female,Pune,Shoes,Fashion,2,18153.87,36307.74,8,2025,August
TXN0453,ORD100454,2025-09-15,CUST4756,Customer_104,57.0,Female,Delhi,Laptop,Electronics,1,5815.69,5815.69,9,2025,September
TXN0454,ORD100455,2025-08-10,CUST9125,Customer_19,21.0,Female,Mumbai,Chair,Furniture,1,47927.36,47927.36,8,2025,August
TXN0455,ORD100456,2025-04-16,CUST6806,Customer_316,46.0,Male,Pune,Laptop,Electronics,8,30816.21,246529.68,4,2025,April
TXN0456,ORD100457,2025-02-17,CUST9543,Customer_448,45.0,Female,Bengaluru,Chair,Furniture,2,45809.09,91618.18,2,2025,February
TXN0457,ORD100458,2025-03-20,CUST6136,Customer_328,22.0,Male,Hyderabad,Chair,Furniture,10,7127.33,71273.3,3,2025,March
TXN0458,ORD100459,2025-04-28,CUST9131,Customer_249,38.0,Female,Delhi,Book,Education,9,41434.83,372913.47,4,2025,April
TXN0459,ORD100460,2025-04-17,CUST4317,Customer_498,50.0,Female,Delhi,Book,Education,4,36242.41,144969.64,4,2025,April
TXN0460,ORD100461,2025-07-11,CUST5702,Customer_381,48.0,Female,Pune,Book,Education,10,13908.48,139084.8,7,2025,July
TXN0461,ORD100462,2025-03-22,CUST9379,Customer_263,38.0,Female,Kolkata,Laptop,Electronics,1,9009.36,9009.36,3,2025,March
TXN0462,ORD100463,2025-04-25,CUST7664,Customer_376,43.0,Female,Delhi,Shoes,Fashion,6,36021.08,216126.48,4,2025,April
TXN0463,ORD100464,2025-09-17,CUST1710,Customer_355,46.0,Female,Hyderabad,Book,Education,10,44045.66,440456.6,9,2025,September
TXN0464,ORD100465,2025-07-30,CUST2680,Customer_90,65.0,Female,Patna,Book,Education,3,41596.85,124790.55,7,2025,July
TXN0465,ORD100466,2025-08-25,CUST6783,Customer_7,30.0,Male,Kolkata,Book,Education,9,21020.37,189183.33,8,2025,August
TXN0466,ORD100467,2025-05-27,CUST8039,Customer_391,55.0,Female,Kolkata,Book,Education,6,28483.33,170899.98,5,2025,May
TXN0467,ORD100468,2025-12-23,CUST7564,Customer_478,20.0,Female,Patna,Book,Education,8,22060.38,176483.04,12,2025,December
TXN0468,ORD100469,2025-04-15,CUST8899,Customer_482,30.0,Male,Delhi,Mobile,Electronics,9,17074.46,153670.14,4,2025,April
TXN0469,ORD100470,2025-05-05,CUST1453,Customer_60,51.0,Male,Gaya,Shoes,Fashion,6,7136.1,42816.6,5,2025,May
TXN0470,ORD100471,2025-11-18,CUST5363,Customer_423,56.0,Male,Delhi,Rice,Grocery,4,33964.14,135856.56,11,2025,November
TXN0471,ORD100472,2025-03-19,CUST8325,Customer_16,62.0,Female,Bengaluru,Chair,Furniture,7,46331.16,324318.12,3,2025,March
TXN0472,ORD100473,2025-02-23,CUST7374,Customer_382,21.0,Male,Mumbai,Rice,Grocery,10,27530.02,275300.2,2,2025,February
TXN0473,ORD100474,2025-12-08,CUST3741,Customer_461,57.0,Female,Mumbai,Laptop,Electronics,2,24291.74,48583.48,12,2025,December
TXN0474,ORD100475,2025-07-24,CUST4758,Customer_372,63.0,Male,Pune,Laptop,Electronics,5,13257.79,66288.95,7,2025,July
TXN0475,ORD100476,2025-08-22,CUST1940,Customer_40,48.0,Male,Gaya,Shoes,Fashion,10,16360.67,163606.7,8,2025,August
TXN0476,ORD100477,2025-05-27,CUST3024,Customer_332,22.0,Female,Patna,Laptop,Electronics,6,40480.73,242884.38,5,2025,May
TXN0477,ORD100478,2025-10-09,CUST7981,Customer_196,46.0,Male,Mumbai,Chair,Furniture,2,747.57,1495.14,10,2025,October
TXN0478,ORD100479,2025-08-22,CUST9259,Customer_276,30.0,Male,Hyderabad,Laptop,Electronics,2,35420.46,70840.92,8,2025,August
TXN0479,ORD100050,2025-11-22,CUST8225,Customer_468,64.0,Male,Bengaluru,Rice,Grocery,8,38957.59,311660.72,11,2025,November
TXN0480,ORD100481,2025-08-26,CUST4966,Customer_367,47.0,Female,Bengaluru,Chair,Furniture,3,2762.18,8286.54,8,2025,August
TXN0481,ORD100482,2025-01-07,CUST2632,Customer_321,56.0,Male,Kolkata,Laptop,Electronics,2,33800.83,67601.66,1,2025,January
TXN0482,ORD100483,2025-02-16,CUST3723,Customer_208,52.0,Male,Kolkata,Laptop,Electronics,4,4113.4,16453.6,2,2025,February
TXN0483,ORD100484,2025-06-24,CUST8322,Customer_429,28.0,Male,Hyderabad,Chair,Furniture,10,24297.48,242974.8,6,2025,June
TXN0484,ORD100485,2025-12-25,CUST9464,Customer_357,39.0,Male,Gaya,Book,Education,9,5037.6,45338.4,12,2025,December
TXN0485,ORD100486,2025-11-15,CUST4264,Customer_304,26.0,Female,Patna,Mobile,Electronics,8,34803.41,278427.28,11,2025,November
TXN0486,ORD100487,2025-08-24,CUST8691,Customer_252,27.0,Male,Patna,Shoes,Fashion,9,9123.43,82110.87,8,2025,August
TXN0487,ORD100488,2025-02-22,CUST7117,Customer_6,53.0,Female,Gaya,Chair,Furniture,6,6567.81,39406.86,2,2025,February
TXN0488,ORD100489,2025-08-24,CUST4167,Customer_113,41.0,Female,Kolkata,Mobile,Electronics,9,27766.56,249899.04,8,2025,August
TXN0489,ORD100490,2025-04-16,CUST6969,Customer_83,41.0,Female,Hyderabad,Rice,Grocery,5,33535.53,167677.65,4,2025,April
TXN0490,ORD100491,2025-04-18,CUST9486,Customer_19,29.0,Male,Hyderabad,Shoes,Fashion,9,48011.48,432103.32,4,2025,April
TXN0491,ORD100492,2025-03-21,CUST2708,Customer_57,52.0,Male,Delhi,Book,Education,9,21084.4,189759.6,3,2025,March
TXN0492,ORD100493,2025-12-28,CUST1833,Customer_357,63.0,Male,Gaya,Book,Education,3,37002.06,111006.18,12,2025,December
TXN0493,ORD100494,2025-05-29,CUST8425,Customer_254,47.0,Male,Delhi,Laptop,Electronics,3,33382.46,100147.38,5,2025,May
TXN0494,ORD100495,2025-07-28,CUST3911,Customer_304,26.0,Female,Gaya,Shoes,Fashion,5,16321.45,81607.25,7,2025,July
TXN0495,ORD100496,2025-05-29,CUST2812,Customer_249,55.0,Male,Gaya,Chair,Furniture,1,767.61,767.61,5,2025,May
TXN0496,ORD100497,2025-04-07,CUST8000,Customer_275,51.0,Male,Kolkata,Rice,Grocery,8,18862.36,150898.88,4,2025,April
TXN0497,ORD100498,2025-12-31,CUST6862,Customer_257,45.0,Female,Patna,Chair,Furniture,2,47693.33,95386.66,12,2025,December
TXN0498,ORD100499,2025-08-24,CUST1616,Customer_288,44.0,Female,Delhi,Mobile,Electronics,3,33234.99,99704.97,8,2025,August
TXN0499,ORD100500,2025-06-26,CUST2835,Customer_468,41.0,Male,Kolkata,Chair,Furniture,9,7268.14,65413.26,6,2025,June
TXN0500,ORD100501,2025-06-18,CUST7494,Customer_188,30.0,Female,Mumbai,Mobile,Electronics,10,10702.89,107028.9,6,2025,June
TXN0501,ORD100502,2025-12-07,CUST8789,Customer_4,52.0,Female,Delhi,Book,Education,2,13323.8,26647.6,12,2025,December
TXN0502,ORD100503,2025-04-30,CUST4457,Customer_212,31.0,Female,Hyderabad,Laptop,Electronics,4,27565.01,110260.04,4,2025,April
TXN0503,ORD100504,2025-07-15,CUST6258,Customer_229,52.0,Male,Pune,Mobile,Electronics,1,40225.63,40225.63,7,2025,July
TXN0504,ORD100505,2025-09-06,CUST9324,Customer_58,61.0,Female,Hyderabad,Chair,Furniture,1,12494.97,12494.97,9,2025,September
TXN0505,ORD100506,2025-06-02,CUST2027,Customer_458,32.0,Male,Gaya,Rice,Grocery,3,40440.72,121322.16,6,2025,June
TXN0506,ORD100507,2025-11-06,CUST9966,Customer_199,44.0,Male,Kolkata,Laptop,Electronics,10,25386.4,253864.0,11,2025,November
TXN0507,ORD100508,2025-03-08,CUST3747,Customer_322,47.0,Female,Mumbai,Laptop,Electronics,3,7991.06,23973.18,3,2025,March
TXN0508,ORD100509,2025-08-25,CUST9303,Customer_321,44.0,Female,Kolkata,Mobile,Electronics,9,41886.87,376981.83,8,2025,August
TXN0509,ORD100510,2025-04-21,CUST9282,Customer_322,58.0,Female,Mumbai,Laptop,Electronics,10,7062.57,70625.7,4,2025,April
TXN0510,ORD100511,2025-10-22,CUST1565,Customer_353,27.0,Female,Delhi,Book,Education,10,8028.98,80289.8,10,2025,October
TXN0511,ORD100512,2025-10-29,CUST6704,Customer_335,24.0,Female,Mumbai,Chair,Furniture,7,49735.32,348147.24,10,2025,October
TXN0512,ORD100513,2025-10-24,CUST8023,Customer_118,50.0,Female,Mumbai,Shoes,Fashion,4,25461.32,101845.28,10,2025,October
TXN0513,ORD100514,2025-08-09,CUST6860,Customer_168,30.0,Male,Bengaluru,Laptop,Electronics,1,30210.72,30210.72,8,2025,August
TXN0514,ORD100515,2025-02-12,CUST2661,Customer_370,41.0,Male,Delhi,Mobile,Electronics,6,42150.74,252904.44,2,2025,February
TXN0515,ORD100516,2025-05-12,CUST1316,Customer_3,37.0,Female,Delhi,Mobile,Electronics,1,16249.69,16249.69,5,2025,May
TXN0516,ORD100517,2025-05-09,CUST7283,Customer_262,34.0,Male,Mumbai,Shoes,Fashion,6,16403.01,98418.06,5,2025,May
TXN0517,ORD100518,2025-12-16,CUST3089,Customer_339,35.0,Female,Kolkata,Laptop,Electronics,7,19933.44,139534.08,12,2025,December
TXN0518,ORD100519,2025-12-19,CUST8947,Customer_375,65.0,Female,Patna,Rice,Grocery,3,48879.87,146639.61,12,2025,December
TXN0519,ORD100520,2025-11-09,CUST9042,Customer_354,31.0,Female,Hyderabad,Chair,Furniture,2,32458.06,64916.12,11,2025,November
TXN0520,ORD100521,2025-10-23,CUST8907,Customer_51,47.0,Male,Hyderabad,Rice,Grocery,9,32104.55,288940.95,10,2025,October
TXN0521,ORD100522,2025-04-24,CUST6260,Customer_455,37.0,Male,Gaya,Laptop,Electronics,3,35318.2,105954.6,4,2025,April
TXN0522,ORD100523,2025-07-05,CUST9055,Customer_359,62.0,Male,Gaya,Mobile,Electronics,1,47870.04,47870.04,7,2025,July
TXN0523,ORD100524,2025-02-10,CUST3778,Customer_96,39.0,Female,Bengaluru,Shoes,Fashion,1,47848.0,47848.0,2,2025,February
TXN0524,ORD100525,2025-12-31,CUST1090,Customer_316,45.0,Female,Unknown,Shoes,Fashion,7,751.97,5263.79,12,2025,December
TXN0525,ORD100526,2025-02-14,CUST6706,Customer_215,54.0,Male,Mumbai,Mobile,Electronics,2,22666.98,45333.96,2,2025,February
TXN0526,ORD100527,2025-03-27,CUST8200,Customer_147,22.0,Female,Patna,Mobile,Electronics,8,12225.23,97801.84,3,2025,March
TXN0527,ORD100528,2025-07-29,CUST5010,Customer_46,41.0,Female,Pune,Rice,Grocery,7,17760.62,124324.34,7,2025,July
TXN0528,ORD100529,2025-09-08,CUST5233,Customer_108,26.0,Male,Mumbai,Book,Education,6,8151.02,48906.12,9,2025,September
TXN0529,ORD100530,2025-12-18,CUST4089,Customer_79,42.0,Male,Gaya,Shoes,Fashion,9,12514.53,112630.77,12,2025,December
TXN0530,ORD100531,2025-05-15,CUST7568,Customer_12,65.0,Male,Gaya,Rice,Grocery,1,40250.63,40250.63,5,2025,May
TXN0531,ORD100532,2025-09-20,CUST3835,Customer_256,45.0,Male,Delhi,Book,Education,3,48031.9,144095.7,9,2025,September
TXN0532,ORD100533,2025-06-08,CUST1124,Customer_360,18.0,Female,Patna,Rice,Grocery,8,45296.32,362370.56,6,2025,June
TXN0533,ORD100534,2025-07-16,CUST8700,Customer_233,35.0,Female,Mumbai,Mobile,Electronics,5,25036.53,125182.65,7,2025,July
TXN0534,ORD100535,2025-04-05,CUST2742,Customer_216,22.0,Female,Delhi,Rice,Grocery,5,21466.01,107330.05,4,2025,April
TXN0535,ORD100536,2025-12-14,CUST6394,Customer_338,57.0,Female,Bengaluru,Rice,Grocery,2,28506.81,57013.62,12,2025,December
TXN0536,ORD100537,2025-01-30,CUST9469,Customer_154,37.0,Female,Mumbai,Chair,Furniture,6,30698.79,184192.74,1,2025,January
TXN0537,ORD100538,2025-08-09,CUST5133,Customer_86,56.0,Female,Pune,Laptop,Electronics,6,3230.47,19382.82,8,2025,August
TXN0538,ORD100539,2025-10-17,CUST5535,Customer_146,28.0,Male,Gaya,Rice,Grocery,6,13606.65,81639.9,10,2025,October
TXN0539,ORD100540,2025-06-12,CUST1419,Customer_226,28.0,Male,Mumbai,Rice,Grocery,6,9146.39,54878.34,6,2025,June
TXN0540,ORD100541,2025-11-17,CUST3972,Customer_336,20.0,Male,Gaya,Rice,Grocery,9,26764.87,240883.83,11,2025,November
TXN0541,ORD100542,2025-09-16,CUST2515,Customer_74,26.0,Female,Patna,Shoes,Fashion,7,6887.98,48215.86,9,2025,September
TXN0542,ORD100543,2025-06-30,CUST2394,Customer_293,27.0,Male,Patna,Rice,Grocery,6,49889.13,299334.78,6,2025,June
TXN0543,ORD100544,2025-11-21,CUST7033,Customer_359,33.0,Male,Gaya,Laptop,Electronics,4,39050.88,156203.52,11,2025,November
TXN0544,ORD100545,2025-02-19,CUST7824,Customer_21,20.0,Male,Pune,Rice,Grocery,1,14634.25,14634.25,2,2025,February
TXN0545,ORD100546,2025-02-24,CUST2039,Customer_32,31.0,Male,Mumbai,Mobile,Electronics,7,33006.89,231048.23,2,2025,February
TXN0546,ORD100547,2025-12-25,CUST4569,Customer_238,38.0,Male,Patna,Laptop,Electronics,9,46663.92,419975.28,12,2025,December
TXN0547,ORD100548,2025-12-10,CUST7568,Customer_212,37.0,Female,Pune,Shoes,Fashion,9,3626.27,32636.43,12,2025,December
TXN0548,ORD100549,2025-05-31,CUST1780,Customer_250,64.0,Male,Hyderabad,Book,Education,8,13184.14,105473.12,5,2025,May
TXN0549,ORD100550,2025-03-27,CUST5244,Customer_44,41.0,Male,Pune,Rice,Grocery,5,41509.54,207547.7,3,2025,March
TXN0550,ORD100551,2025-09-26,CUST7188,Customer_180,37.0,Male,Bengaluru,Laptop,Electronics,2,27044.74,54089.48,9,2025,September
TXN0551,ORD100552,2025-06-08,CUST7042,Customer_137,60.0,Male,Kolkata,Book,Education,2,35113.98,70227.96,6,2025,June
TXN0552,ORD100553,2025-12-25,CUST4646,Customer_365,36.0,Female,Bengaluru,Rice,Grocery,5,38032.02,190160.1,12,2025,December
TXN0553,ORD100554,2025-07-03,CUST3623,Customer_1,35.0,Male,Mumbai,Mobile,Electronics,9,37614.58,338531.22,7,2025,July
TXN0554,ORD100555,2025-01-28,CUST1399,Customer_431,60.0,Male,Gaya,Book,Education,4,18505.56,74022.24,1,2025,January
TXN0555,ORD100556,2025-12-09,CUST2515,Customer_219,21.0,Male,Hyderabad,Mobile,Electronics,6,21017.46,126104.76,12,2025,December
TXN0556,ORD100557,2025-03-05,CUST7285,Customer_493,18.0,Female,Hyderabad,Book,Education,8,1204.93,9639.44,3,2025,March
TXN0557,ORD100558,2025-10-02,CUST1401,Customer_151,35.0,Male,Delhi,Rice,Grocery,7,36390.58,254734.06,10,2025,October
TXN0558,ORD100559,2025-05-09,CUST9458,Customer_25,22.0,Male,Delhi,Mobile,Electronics,2,17302.3,34604.6,5,2025,May
TXN0559,ORD100560,2025-10-22,CUST9612,Customer_463,21.0,Male,Kolkata,Mobile,Electronics,10,6613.42,66134.2,10,2025,October
TXN0560,ORD100561,2025-01-11,CUST2520,Customer_93,34.0,Female,Kolkata,Mobile,Electronics,5,28280.37,141401.85,1,2025,January
TXN0561,ORD100562,2025-09-07,CUST3001,Customer_327,56.0,Female,Delhi,Book,Education,1,6150.86,6150.86,9,2025,September
TXN0562,ORD100563,2025-12-29,CUST7491,Customer_139,46.0,Female,Bengaluru,Rice,Grocery,4,26924.41,107697.64,12,2025,December
TXN0563,ORD100564,2025-03-16,CUST3473,Customer_20,56.0,Male,Hyderabad,Book,Education,3,6301.32,18903.96,3,2025,March
TXN0564,ORD100565,2025-10-12,CUST6748,Customer_2,40.0,Female,Patna,Book,Education,10,39690.68,396906.8,10,2025,October
TXN0565,ORD100566,2025-10-23,CUST4722,Customer_390,63.0,Male,Bengaluru,Chair,Furniture,6,36327.94,217967.64,10,2025,October
TXN0566,ORD100567,2025-01-20,CUST5431,Customer_396,60.0,Female,Mumbai,Mobile,Electronics,10,21547.89,215478.9,1,2025,January
TXN0567,ORD100568,2025-04-13,CUST3316,Customer_458,41.0,Female,Patna,Book,Education,8,32749.76,261998.08,4,2025,April
TXN0568,ORD100569,2025-03-17,CUST9510,Customer_345,21.0,Female,Kolkata,Chair,Furniture,10,43251.3,432513.0,3,2025,March
TXN0569,ORD100570,2025-03-08,CUST9273,Customer_162,32.0,Female,Hyderabad,Chair,Furniture,3,47748.45,143245.35,3,2025,March
TXN0570,ORD100571,2025-12-22,CUST5206,Customer_327,52.0,Female,Patna,Book,Education,4,16276.94,65107.76,12,2025,December
TXN0571,ORD100572,2025-05-10,CUST3820,Customer_312,48.0,Female,Delhi,Rice,Grocery,9,11122.7,100104.3,5,2025,May
TXN0572,ORD100573,2025-01-09,CUST5791,Customer_113,62.0,Male,Patna,Shoes,Fashion,2,39005.27,78010.54,1,2025,January
TXN0573,ORD100574,2026-01-01,CUST2343,Customer_39,28.0,Male,Patna,Mobile,Electronics,6,16346.82,98080.92,1,2026,January
TXN0574,ORD100575,2025-09-20,CUST6654,Customer_66,38.0,Female,Pune,Mobile,Electronics,4,3859.9,15439.6,9,2025,September
TXN0575,ORD100576,2025-05-16,CUST8820,Customer_339,39.0,Female,Kolkata,Laptop,Electronics,6,49058.94,294353.64,5,2025,May
TXN0576,ORD100577,2025-06-18,CUST9181,Customer_122,24.0,Female,Patna,Mobile,Electronics,7,413.2,2892.4,6,2025,June
TXN0577,ORD100578,2025-03-09,CUST8098,Customer_337,26.0,Female,Patna,Shoes,Fashion,5,21555.12,107775.6,3,2025,March
TXN0578,ORD100579,2025-04-19,CUST6006,Customer_344,38.0,Male,Delhi,Chair,Furniture,5,37214.58,186072.9,4,2025,April
TXN0579,ORD100580,2025-06-20,CUST1094,Customer_91,31.0,Female,Patna,Mobile,Electronics,10,21194.59,211945.9,6,2025,June
TXN0580,ORD100581,2025-07-07,CUST1468,Customer_266,49.0,Female,Kolkata,Shoes,Fashion,8,44971.9,359775.2,7,2025,July
TXN0581,ORD100582,2025-12-29,CUST6704,Customer_141,39.0,Male,Pune,Shoes,Fashion,4,26046.5,104186.0,12,2025,December
TXN0582,ORD100583,2025-03-07,CUST1936,Customer_15,59.0,Male,Delhi,Mobile,Electronics,3,43567.37,130702.11,3,2025,March
TXN0583,ORD100584,2025-09-24,CUST8399,Customer_160,40.0,Male,Mumbai,Book,Education,5,19565.23,97826.15,9,2025,September
TXN0584,ORD100585,2025-02-08,CUST8075,Customer_401,62.0,Female,Patna,Shoes,Fashion,5,7642.55,38212.75,2,2025,February
TXN0585,ORD100586,2025-01-13,CUST8826,Customer_206,20.0,Female,Gaya,Mobile,Electronics,7,22060.0,154420.0,1,2025,January
TXN0586,ORD100587,2025-09-04,CUST9700,Customer_441,25.0,Female,Kolkata,Laptop,Electronics,2,20074.3,40148.6,9,2025,September
TXN0587,ORD100588,2025-03-20,CUST8600,Customer_53,42.0,Male,Hyderabad,Book,Education,2,5442.06,10884.12,3,2025,March
TXN0588,ORD100589,2025-12-17,CUST8513,Customer_125,49.0,Female,Pune,Mobile,Electronics,6,38159.29,228955.74,12,2025,December
TXN0589,ORD100590,2025-12-19,CUST8595,Customer_63,44.0,Female,Mumbai,Laptop,Electronics,1,18229.0,18229.0,12,2025,December
TXN0590,ORD100591,2025-06-27,CUST9489,Customer_385,61.0,Male,Delhi,Book,Education,2,14656.73,29313.46,6,2025,June
TXN0591,ORD100592,2025-08-08,CUST7226,Customer_421,51.0,Male,Mumbai,Mobile,Electronics,3,1286.36,3859.08,8,2025,August
TXN0592,ORD100593,2025-01-01,CUST1840,Customer_90,43.0,Female,Kolkata,Laptop,Electronics,2,11893.8,23787.6,1,2025,January
TXN0593,ORD100594,2025-08-06,CUST9449,Customer_178,49.0,Female,Mumbai,Shoes,Fashion,2,11967.47,23934.94,8,2025,August
TXN0594,ORD100595,2025-04-17,CUST3537,Customer_377,24.0,Female,Pune,Chair,Furniture,4,35411.73,141646.92,4,2025,April
TXN0595,ORD100596,2025-10-12,CUST4041,Customer_394,30.0,Female,Delhi,Rice,Grocery,1,15515.24,15515.24,10,2025,October
TXN0596,ORD100597,2025-05-06,CUST4417,Customer_234,52.0,Male,Mumbai,Mobile,Electronics,9,697.87,6280.83,5,2025,May
TXN0597,ORD100598,2025-08-04,CUST4099,Customer_377,55.0,Female,Delhi,Shoes,Fashion,10,20857.23,208572.3,8,2025,August
TXN0598,ORD100599,2025-03-28,CUST3107,Customer_99,21.0,Female,Kolkata,Mobile,Electronics,8,3595.82,28766.56,3,2025,March
TXN0599,ORD100050,2025-02-21,CUST8859,Customer_53,41.0,Male,Unknown,Laptop,Electronics,7,20144.84,141013.88,2,2025,February
TXN0600,ORD100601,2025-04-02,CUST9111,Customer_235,61.0,Female,Kolkata,Shoes,Fashion,5,30620.75,153103.75,4,2025,April
TXN0601,ORD100602,2025-09-05,CUST8813,Customer_83,54.0,Male,Bengaluru,Laptop,Electronics,9,38955.26,350597.34,9,2025,September
TXN0602,ORD100603,2025-08-04,CUST7221,Customer_478,39.0,Male,Gaya,Laptop,Electronics,2,7534.68,15069.36,8,2025,August
TXN0603,ORD100604,2025-07-28,CUST5899,Customer_500,31.0,Female,Gaya,Laptop,Electronics,4,5789.5,23158.0,7,2025,July
TXN0604,ORD100605,2025-07-27,CUST4483,Customer_109,63.0,Female,Patna,Book,Education,8,46278.59,370228.72,7,2025,July
TXN0605,ORD100606,2025-02-20,CUST4438,Customer_133,56.0,Female,Kolkata,Chair,Furniture,2,14770.13,29540.26,2,2025,February
TXN0606,ORD100607,2025-10-21,CUST9123,Customer_395,27.0,Female,Mumbai,Rice,Grocery,6,45095.75,270574.5,10,2025,October
TXN0607,ORD100608,2025-07-22,CUST2364,Customer_290,34.0,Female,Hyderabad,Rice,Grocery,8,10393.69,83149.52,7,2025,July
TXN0608,ORD100609,2025-02-20,CUST6314,Customer_66,19.0,Female,Gaya,Rice,Grocery,4,38952.78,155811.12,2,2025,February
TXN0609,ORD100610,2025-11-23,CUST8128,Customer_101,48.0,Male,Kolkata,Laptop,Electronics,5,3414.17,17070.85,11,2025,November
TXN0610,ORD100611,2025-12-21,CUST8583,Customer_290,37.0,Female,Delhi,Laptop,Electronics,7,5129.02,35903.14,12,2025,December
TXN0611,ORD100612,2025-04-09,CUST4488,Customer_414,39.0,Female,Kolkata,Mobile,Electronics,3,15846.45,47539.35,4,2025,April
TXN0612,ORD100613,2025-06-01,CUST5178,Customer_170,23.0,Male,Mumbai,Book,Education,4,27448.01,109792.04,6,2025,June
TXN0613,ORD100614,2025-05-06,CUST9217,Customer_448,39.0,Female,Delhi,Book,Education,4,5518.35,22073.4,5,2025,May
TXN0614,ORD100615,2025-03-26,CUST4150,Customer_415,31.0,Female,Delhi,Book,Education,9,39988.02,359892.18,3,2025,March
TXN0615,ORD100616,2025-12-10,CUST3751,Customer_270,36.0,Male,Bengaluru,Shoes,Fashion,3,23079.96,69239.88,12,2025,December
TXN0616,ORD100617,2025-06-04,CUST1991,Customer_359,41.0,Female,Kolkata,Book,Education,9,14044.67,126402.03,6,2025,June
TXN0617,ORD100618,2025-07-14,CUST8124,Customer_344,33.0,Female,Pune,Shoes,Fashion,2,43693.36,87386.72,7,2025,July
TXN0618,ORD100619,2025-12-17,CUST6678,Customer_241,41.0,Male,Kolkata,Rice,Grocery,2,14181.47,28362.94,12,2025,December
TXN0619,ORD100620,2025-10-11,CUST8268,Customer_18,47.0,Female,Kolkata,Shoes,Fashion,4,28783.13,115132.52,10,2025,October
TXN0620,ORD100621,2025-12-25,CUST1835,Customer_81,61.0,Female,Gaya,Chair,Furniture,2,32432.65,64865.3,12,2025,December
TXN0621,ORD100622,2025-05-11,CUST3497,Customer_408,57.0,Male,Patna,Laptop,Electronics,4,29976.58,119906.32,5,2025,May
TXN0622,ORD100623,2025-02-13,CUST1452,Customer_68,62.0,Female,Hyderabad,Shoes,Fashion,7,38029.64,266207.48,2,2025,February
TXN0623,ORD100624,2025-06-21,CUST7416,Customer_191,54.0,Female,Hyderabad,Rice,Grocery,10,48255.19,482551.9,6,2025,June
TXN0624,ORD100625,2025-06-19,CUST4137,Customer_51,46.0,Male,Mumbai,Laptop,Electronics,9,27971.17,251740.53,6,2025,June
TXN0625,ORD100626,2025-11-26,CUST8649,Customer_160,30.0,Male,Gaya,Rice,Grocery,9,46756.46,420808.14,11,2025,November
TXN0626,ORD100627,2025-02-02,CUST7361,Customer_159,20.0,Male,Hyderabad,Laptop,Electronics,3,47466.18,142398.54,2,2025,February
TXN0627,ORD100628,2025-06-13,CUST9567,Customer_218,38.0,Male,Delhi,Shoes,Fashion,1,33193.9,33193.9,6,2025,June
TXN0628,ORD100629,2025-05-16,CUST6432,Customer_194,62.0,Male,Mumbai,Book,Education,1,46021.88,46021.88,5,2025,May
TXN0629,ORD100630,2025-03-12,CUST4934,Customer_25,41.0,Male,Bengaluru,Rice,Grocery,7,45512.65,318588.55,3,2025,March
TXN0630,ORD100631,2025-09-04,CUST6845,Customer_337,34.0,Male,Hyderabad,Chair,Furniture,9,46924.58,422321.22,9,2025,September
TXN0631,ORD100632,2025-03-02,CUST1252,Customer_81,24.0,Male,Pune,Shoes,Fashion,3,37343.19,112029.57,3,2025,March
TXN0632,ORD100633,2025-07-20,CUST1994,Customer_408,27.0,Female,Patna,Chair,Furniture,10,14175.96,141759.6,7,2025,July
TXN0633,ORD100634,2025-03-13,CUST9488,Customer_147,37.0,Male,Pune,Shoes,Fashion,8,7259.89,58079.12,3,2025,March
TXN0634,ORD100635,2025-11-20,CUST9421,Customer_213,58.0,Male,Patna,Chair,Furniture,3,257.28,771.84,11,2025,November
TXN0635,ORD100636,2025-05-10,CUST4810,Customer_416,18.0,Male,Kolkata,Shoes,Fashion,4,24291.82,97167.28,5,2025,May
TXN0636,ORD100637,2025-03-10,CUST1106,Customer_135,31.0,Male,Patna,Rice,Grocery,2,25919.18,51838.36,3,2025,March
TXN0637,ORD100638,2025-03-27,CUST9693,Customer_267,19.0,Male,Bengaluru,Rice,Grocery,4,24382.42,97529.68,3,2025,March
TXN0638,ORD100639,2025-05-08,CUST3004,Customer_162,46.0,Female,Pune,Shoes,Fashion,1,3971.35,3971.35,5,2025,May
TXN0639,ORD100640,2025-10-13,CUST6421,Customer_218,22.0,Male,Gaya,Laptop,Electronics,5,7739.33,38696.65,10,2025,October
TXN0640,ORD100641,2025-06-14,CUST6345,Customer_214,32.0,Female,Delhi,Book,Education,1,34302.92,34302.92,6,2025,June
TXN0641,ORD100642,2025-10-19,CUST9384,Customer_230,28.0,Female,Mumbai,Rice,Grocery,1,20626.25,20626.25,10,2025,October
TXN0642,ORD100643,2025-05-12,CUST9081,Customer_244,63.0,Female,Mumbai,Laptop,Electronics,9,39545.61,355910.49,5,2025,May
TXN0643,ORD100644,2025-09-18,CUST6589,Customer_367,30.0,Male,Kolkata,Chair,Furniture,3,23490.33,70470.99,9,2025,September
TXN0644,ORD100645,2025-05-04,CUST7844,Customer_469,53.0,Male,Patna,Chair,Furniture,6,22343.44,134060.64,5,2025,May
TXN0645,ORD100646,2025-08-29,CUST4673,Customer_386,42.0,Female,Delhi,Shoes,Fashion,5,16279.37,81396.85,8,2025,August
TXN0646,ORD100647,2025-12-14,CUST7504,Customer_183,52.0,Male,Pune,Laptop,Electronics,4,26566.32,106265.28,12,2025,December
TXN0647,ORD100648,2025-09-09,CUST6921,Customer_68,62.0,Female,Patna,Mobile,Electronics,6,1867.81,11206.86,9,2025,September
TXN0648,ORD100649,2025-01-06,CUST4109,Customer_31,53.0,Female,Delhi,Rice,Grocery,10,22106.78,221067.8,1,2025,January
TXN0649,ORD100650,2025-09-22,CUST2181,Customer_125,41.0,Female,Bengaluru,Rice,Grocery,3,7467.04,22401.12,9,2025,September
TXN0650,ORD100651,2025-01-31,CUST8708,Customer_293,59.0,Male,Kolkata,Laptop,Electronics,7,27547.81,192834.67,1,2025,January
TXN0651,ORD100652,2025-02-03,CUST7219,Customer_391,30.0,Male,Pune,Book,Education,10,22952.77,229527.7,2,2025,February
TXN0652,ORD100653,2025-04-21,CUST5516,Customer_343,21.0,Male,Kolkata,Rice,Grocery,6,35222.23,211333.38,4,2025,April
TXN0653,ORD100654,2025-02-23,CUST9562,Customer_162,39.0,Male,Mumbai,Chair,Furniture,8,16240.66,129925.28,2,2025,February
TXN0654,ORD100655,2025-08-01,CUST8347,Customer_236,55.0,Male,Hyderabad,Book,Education,1,12255.87,12255.87,8,2025,August
TXN0655,ORD100656,2025-07-09,CUST3567,Customer_407,21.0,Male,Bengaluru,Chair,Furniture,7,42941.88,300593.16,7,2025,July
TXN0656,ORD100657,2025-12-01,CUST8110,Customer_268,54.0,Male,Delhi,Laptop,Electronics,10,10307.48,103074.8,12,2025,December
TXN0657,ORD100658,2025-10-14,CUST4584,Customer_138,18.0,Female,Pune,Shoes,Fashion,10,46270.13,462701.3,10,2025,October
TXN0658,ORD100659,2025-09-02,CUST4537,Customer_9,63.0,Male,Gaya,Book,Education,5,33524.03,167620.15,9,2025,September
TXN0659,ORD100660,2025-01-13,CUST5154,Customer_453,20.0,Male,Mumbai,Book,Education,2,38065.84,76131.68,1,2025,January
TXN0660,ORD100661,2025-09-13,CUST9614,Customer_235,23.0,Male,Bengaluru,Shoes,Fashion,10,8465.62,84656.2,9,2025,September
TXN0661,ORD100662,2025-09-17,CUST8300,Customer_242,44.0,Female,Hyderabad,Rice,Grocery,9,1610.18,14491.62,9,2025,September
TXN0662,ORD100663,2025-07-20,CUST1673,Customer_103,18.0,Male,Gaya,Rice,Grocery,5,35120.83,175604.15,7,2025,July
TXN0663,ORD100664,2025-07-07,CUST7016,Customer_88,33.0,Female,Pune,Chair,Furniture,6,30775.74,184654.44,7,2025,July
TXN0664,ORD100665,2025-07-04,CUST2672,Customer_324,27.0,Female,Pune,Laptop,Electronics,4,47796.53,191186.12,7,2025,July
TXN0665,ORD100666,2025-12-15,CUST3237,Customer_341,48.0,Female,Kolkata,Rice,Grocery,7,38583.88,270087.16,12,2025,December
TXN0666,ORD100667,2025-03-02,CUST2794,Customer_219,39.0,Male,Mumbai,Laptop,Electronics,6,38368.41,230210.46,3,2025,March
TXN0667,ORD100668,2025-03-22,CUST6684,Customer_426,59.0,Male,Bengaluru,Chair,Furniture,4,48299.85,193199.4,3,2025,March
TXN0668,ORD100669,2025-07-12,CUST3321,Customer_151,20.0,Female,Bengaluru,Laptop,Electronics,9,6889.29,62003.61,7,2025,July
TXN0669,ORD100670,2025-08-13,CUST2904,Customer_269,60.0,Female,Bengaluru,Shoes,Fashion,10,41268.06,412680.6,8,2025,August
TXN0670,ORD100671,2025-07-16,CUST1681,Customer_160,60.0,Male,Delhi,Shoes,Fashion,5,28065.77,140328.85,7,2025,July
TXN0671,ORD100672,2025-12-22,CUST7863,Customer_316,37.0,Female,Gaya,Chair,Furniture,8,25269.25,202154.0,12,2025,December
TXN0672,ORD100673,2025-05-26,CUST2218,Customer_392,57.0,Male,Delhi,Chair,Furniture,2,31615.64,63231.28,5,2025,May
TXN0673,ORD100674,2025-01-16,CUST6288,Customer_407,55.0,Male,Kolkata,Mobile,Electronics,1,17212.99,17212.99,1,2025,January
TXN0674,ORD100675,2025-11-20,CUST8502,Customer_220,47.0,Male,Unknown,Laptop,Electronics,1,14756.18,14756.18,11,2025,November
TXN0675,ORD100676,2025-12-04,CUST1433,Customer_391,47.0,Female,Mumbai,Shoes,Fashion,5,21694.12,108470.6,12,2025,December
TXN0676,ORD100677,2025-07-21,CUST4997,Customer_371,31.0,Male,Hyderabad,Book,Education,8,5632.88,45063.04,7,2025,July
TXN0677,ORD100678,2025-08-01,CUST2827,Customer_287,35.0,Male,Hyderabad,Book,Education,5,16961.15,84805.75,8,2025,August
TXN0678,ORD100679,2025-05-30,CUST4559,Customer_466,57.0,Female,Bengaluru,Mobile,Electronics,3,17500.41,52501.23,5,2025,May
TXN0679,ORD100680,2025-07-04,CUST7093,Customer_174,23.0,Male,Mumbai,Chair,Furniture,5,47401.02,237005.1,7,2025,July
TXN0680,ORD100681,2025-07-07,CUST8364,Customer_325,21.0,Male,Hyderabad,Mobile,Electronics,7,12194.92,85364.44,7,2025,July
TXN0681,ORD100682,2025-06-03,CUST3285,Customer_232,30.0,Female,Mumbai,Mobile,Electronics,8,49052.97,392423.76,6,2025,June
TXN0682,ORD100683,2025-04-02,CUST1104,Customer_328,64.0,Female,Hyderabad,Book,Education,4,22686.59,90746.36,4,2025,April
TXN0683,ORD100684,2025-02-08,CUST5155,Customer_165,57.0,Male,Bengaluru,Laptop,Electronics,5,34508.6,172543.0,2,2025,February
TXN0684,ORD100685,2025-10-24,CUST6082,Customer_105,53.0,Female,Mumbai,Laptop,Electronics,7,21599.35,151195.45,10,2025,October
TXN0685,ORD100686,2025-12-06,CUST3966,Customer_338,47.0,Female,Hyderabad,Chair,Furniture,4,30019.56,120078.24,12,2025,December
TXN0686,ORD100687,2025-04-29,CUST2093,Customer_428,38.0,Female,Mumbai,Laptop,Electronics,5,24358.21,121791.05,4,2025,April
TXN0687,ORD100688,2025-12-31,CUST9957,Customer_116,29.0,Female,Pune,Chair,Furniture,6,16639.76,99838.56,12,2025,December
TXN0688,ORD100689,2025-11-13,CUST3682,Customer_132,56.0,Female,Kolkata,Book,Education,3,48276.39,144829.17,11,2025,November
TXN0689,ORD100690,2025-02-07,CUST4110,Customer_73,59.0,Female,Kolkata,Rice,Grocery,9,40069.01,360621.09,2,2025,February
TXN0690,ORD100691,2025-08-03,CUST2597,Customer_354,22.0,Male,Kolkata,Mobile,Electronics,9,31937.15,287434.35,8,2025,August
TXN0691,ORD100692,2025-02-22,CUST8390,Customer_297,47.0,Female,Mumbai,Laptop,Electronics,7,40754.69,285282.83,2,2025,February
TXN0692,ORD100693,2025-12-09,CUST4270,Customer_266,30.0,Male,Kolkata,Book,Education,10,45877.49,458774.9,12,2025,December
TXN0693,ORD100694,2025-06-22,CUST3138,Customer_440,30.0,Female,Mumbai,Rice,Grocery,5,20994.21,104971.05,6,2025,June
TXN0694,ORD100695,2025-11-30,CUST4602,Customer_150,26.0,Female,Pune,Chair,Furniture,2,3215.11,6430.22,11,2025,November
TXN0695,ORD100696,2025-11-11,CUST7631,Customer_115,62.0,Female,Gaya,Shoes,Fashion,4,26936.34,107745.36,11,2025,November
TXN0696,ORD100697,2025-04-18,CUST8708,Customer_462,51.0,Female,Pune,Laptop,Electronics,9,29470.1,265230.9,4,2025,April
TXN0697,ORD100698,2025-03-04,CUST7317,Customer_70,54.0,Female,Delhi,Book,Education,4,31076.31,124305.24,3,2025,March
TXN0698,ORD100699,2025-07-06,CUST2644,Customer_222,24.0,Male,Pune,Chair,Furniture,4,43864.35,175457.4,7,2025,July
TXN0699,ORD100700,2025-05-20,CUST9674,Customer_232,41.0,Female,Mumbai,Mobile,Electronics,9,11808.33,106274.97,5,2025,May
TXN0700,ORD100701,2025-09-01,CUST3078,Customer_230,22.0,Male,Gaya,Rice,Grocery,2,38128.32,76256.64,9,2025,September
TXN0701,ORD100702,2025-07-31,CUST8962,Customer_440,30.0,Female,Kolkata,Book,Education,9,28222.97,254006.73,7,2025,July
TXN0702,ORD100703,2025-01-18,CUST7236,Customer_366,38.0,Male,Gaya,Book,Education,6,21720.56,130323.36,1,2025,January
TXN0703,ORD100704,2025-08-18,CUST4420,Customer_268,38.0,Male,Gaya,Chair,Furniture,3,4568.61,13705.83,8,2025,August
TXN0704,ORD100705,2025-05-14,CUST6621,Customer_104,19.0,Female,Mumbai,Book,Education,3,11492.49,34477.47,5,2025,May
TXN0705,ORD100706,2025-05-05,CUST8532,Customer_323,43.0,Female,Delhi,Chair,Furniture,3,23252.08,69756.24,5,2025,May
TXN0706,ORD100707,2025-11-19,CUST6658,Customer_274,60.0,Male,Patna,Book,Education,9,31686.77,285180.93,11,2025,November
TXN0707,ORD100708,2025-10-06,CUST4742,Customer_177,21.0,Male,Kolkata,Laptop,Electronics,2,37278.21,74556.42,10,2025,October
TXN0708,ORD100709,2025-04-23,CUST2744,Customer_300,28.0,Male,Bengaluru,Laptop,Electronics,6,12680.8,76084.8,4,2025,April
TXN0709,ORD100710,2025-05-24,CUST6870,Customer_53,51.0,Female,Hyderabad,Rice,Grocery,4,17704.67,70818.68,5,2025,May
TXN0710,ORD100711,2025-01-07,CUST1175,Customer_472,20.0,Female,Gaya,Shoes,Fashion,5,22734.66,113673.3,1,2025,January
TXN0711,ORD100712,2025-09-04,CUST3745,Customer_138,55.0,Female,Hyderabad,Laptop,Electronics,6,36277.76,217666.56,9,2025,September
TXN0712,ORD100713,2025-12-14,CUST6638,Customer_350,45.0,Male,Bengaluru,Shoes,Fashion,6,27885.58,167313.48,12,2025,December
TXN0713,ORD100714,2025-05-05,CUST4037,Customer_205,30.0,Male,Kolkata,Mobile,Electronics,10,47079.86,470798.6,5,2025,May
TXN0714,ORD100715,2025-01-06,CUST8877,Customer_105,23.0,Female,Kolkata,Book,Education,2,30201.81,60403.62,1,2025,January
TXN0715,ORD100716,2025-02-08,CUST6096,Customer_53,51.0,Female,Patna,Shoes,Fashion,6,32890.28,197341.68,2,2025,February
TXN0716,ORD100717,2025-02-24,CUST7371,Customer_463,38.0,Female,Bengaluru,Mobile,Electronics,1,39342.98,39342.98,2,2025,February
TXN0717,ORD100718,2025-02-27,CUST4532,Customer_68,52.0,Male,Pune,Shoes,Fashion,5,42114.22,210571.1,2,2025,February
TXN0718,ORD100719,2025-09-13,CUST6697,Customer_137,26.0,Male,Pune,Chair,Furniture,5,15011.99,75059.95,9,2025,September
TXN0719,ORD100050,2025-11-06,CUST7824,Customer_190,31.0,Female,Mumbai,Rice,Grocery,4,42642.59,170570.36,11,2025,November
TXN0720,ORD100721,2025-09-14,CUST7615,Customer_277,37.0,Male,Patna,Rice,Grocery,6,27168.79,163012.74,9,2025,September
TXN0721,ORD100722,2025-08-13,CUST8431,Customer_90,28.0,Male,Delhi,Rice,Grocery,7,31567.62,220973.34,8,2025,August
TXN0722,ORD100723,2025-11-28,CUST8657,Customer_495,58.0,Female,Delhi,Laptop,Electronics,10,44401.64,444016.4,11,2025,November
TXN0723,ORD100724,2025-01-28,CUST6762,Customer_235,47.0,Male,Delhi,Rice,Grocery,2,5467.01,10934.02,1,2025,January
TXN0724,ORD100725,2025-10-10,CUST5477,Customer_249,37.0,Female,Kolkata,Laptop,Electronics,7,40635.52,284448.64,10,2025,October
TXN0725,ORD100726,2025-07-06,CUST8338,Customer_90,38.0,Male,Pune,Shoes,Fashion,7,26916.23,188413.61,7,2025,July
TXN0726,ORD100727,2025-09-29,CUST3850,Customer_163,27.0,Female,Kolkata,Chair,Furniture,5,24409.5,122047.5,9,2025,September
TXN0727,ORD100728,2025-10-11,CUST8017,Customer_371,37.0,Male,Patna,Chair,Furniture,10,19600.31,196003.1,10,2025,October
TXN0728,ORD100729,2025-07-30,CUST5295,Customer_223,58.0,Female,Kolkata,Book,Education,3,40119.65,120358.95,7,2025,July
TXN0729,ORD100730,2025-01-05,CUST4553,Customer_489,44.0,Female,Kolkata,Chair,Furniture,5,33187.56,165937.8,1,2025,January
TXN0730,ORD100731,2025-06-30,CUST1269,Customer_423,22.0,Female,Gaya,Book,Education,3,26807.04,80421.12,6,2025,June
TXN0731,ORD100732,2025-01-09,CUST6578,Customer_194,64.0,Female,Hyderabad,Shoes,Fashion,1,19202.88,19202.88,1,2025,January
TXN0732,ORD100733,2025-02-13,CUST2832,Customer_204,22.0,Male,Pune,Chair,Furniture,6,27085.46,162512.76,2,2025,February
TXN0733,ORD100734,2025-03-07,CUST8314,Customer_440,28.0,Female,Gaya,Chair,Furniture,3,24462.54,73387.62,3,2025,March
TXN0734,ORD100735,2025-01-27,CUST7026,Customer_317,28.0,Male,Bengaluru,Rice,Grocery,6,25359.39,152156.34,1,2025,January
TXN0735,ORD100736,2025-09-23,CUST2793,Customer_462,32.0,Female,Gaya,Mobile,Electronics,6,19210.66,115263.96,9,2025,September
TXN0736,ORD100737,2025-02-27,CUST7522,Customer_322,53.0,Female,Kolkata,Rice,Grocery,5,414.13,2070.65,2,2025,February
TXN0737,ORD100738,2025-12-29,CUST1987,Customer_35,24.0,Male,Kolkata,Laptop,Electronics,6,9761.46,58568.76,12,2025,December
TXN0738,ORD100739,2025-12-17,CUST9414,Customer_359,61.0,Female,Hyderabad,Rice,Grocery,4,19284.6,77138.4,12,2025,December
TXN0739,ORD100740,2025-07-13,CUST2589,Customer_426,49.0,Male,Delhi,Laptop,Electronics,4,21098.23,84392.92,7,2025,July
TXN0740,ORD100741,2025-09-30,CUST8851,Customer_118,64.0,Male,Kolkata,Chair,Furniture,2,1876.89,3753.78,9,2025,September
TXN0741,ORD100742,2025-10-31,CUST4103,Customer_454,33.0,Male,Pune,Rice,Grocery,7,9084.03,63588.21,10,2025,October
TXN0742,ORD100743,2025-03-09,CUST2138,Customer_303,42.0,Female,Gaya,Rice,Grocery,3,45959.58,137878.74,3,2025,March
TXN0743,ORD100744,2025-09-11,CUST9645,Customer_238,29.0,Male,Pune,Chair,Furniture,8,8692.39,69539.12,9,2025,September
TXN0744,ORD100745,2025-11-27,CUST5624,Customer_25,22.0,Male,Patna,Laptop,Electronics,7,45703.28,319922.96,11,2025,November
TXN0745,ORD100746,2025-11-13,CUST9518,Customer_192,22.0,Male,Pune,Mobile,Electronics,4,30973.53,123894.12,11,2025,November
TXN0746,ORD100747,2025-01-04,CUST9339,Customer_127,55.0,Male,Patna,Chair,Furniture,5,49147.41,245737.05,1,2025,January
TXN0747,ORD100748,2025-04-22,CUST9465,Customer_274,57.0,Male,Gaya,Laptop,Electronics,10,17533.55,175335.5,4,2025,April
TXN0748,ORD100749,2025-04-23,CUST6348,Customer_412,22.0,Female,Kolkata,Laptop,Electronics,5,18457.22,92286.1,4,2025,April
TXN0749,ORD100750,2025-07-18,CUST3730,Customer_273,41.0,Female,Unknown,Chair,Furniture,10,43808.06,438080.6,7,2025,July
TXN0750,ORD100751,2025-01-11,CUST8058,Customer_273,60.0,Female,Pune,Book,Education,6,24375.93,146255.58,1,2025,January
TXN0751,ORD100752,2025-03-12,CUST2921,Customer_420,27.0,Male,Patna,Shoes,Fashion,4,34969.02,139876.08,3,2025,March
TXN0752,ORD100753,2025-09-19,CUST9650,Customer_361,33.0,Female,Hyderabad,Book,Education,1,17299.04,17299.04,9,2025,September
TXN0753,ORD100754,2025-01-24,CUST2604,Customer_356,40.0,Male,Kolkata,Mobile,Electronics,5,10274.45,51372.25,1,2025,January
TXN0754,ORD100755,2025-11-19,CUST9651,Customer_461,60.0,Female,Delhi,Book,Education,10,24270.17,242701.7,11,2025,November
TXN0755,ORD100756,2025-12-20,CUST1637,Customer_70,59.0,Male,Patna,Rice,Grocery,10,2066.93,20669.3,12,2025,December
TXN0756,ORD100757,2025-05-08,CUST9515,Customer_52,29.0,Female,Kolkata,Chair,Furniture,10,13304.47,133044.7,5,2025,May
TXN0757,ORD100758,2025-11-02,CUST7173,Customer_44,21.0,Male,Hyderabad,Mobile,Electronics,5,9442.5,47212.5,11,2025,November
TXN0758,ORD100759,2025-06-04,CUST6279,Customer_97,21.0,Female,Kolkata,Mobile,Electronics,10,25698.62,256986.2,6,2025,June
TXN0759,ORD100760,2025-12-27,CUST2867,Customer_221,61.0,Male,Hyderabad,Shoes,Fashion,8,32219.95,257759.6,12,2025,December
TXN0760,ORD100761,2025-10-02,CUST3851,Customer_487,59.0,Male,Delhi,Laptop,Electronics,2,14931.2,29862.4,10,2025,October
TXN0761,ORD100762,2025-12-07,CUST8729,Customer_72,48.0,Male,Kolkata,Chair,Furniture,4,40783.14,163132.56,12,2025,December
TXN0762,ORD100763,2025-05-01,CUST3580,Customer_60,56.0,Female,Gaya,Laptop,Electronics,5,17824.96,89124.8,5,2025,May
TXN0763,ORD100764,2025-10-13,CUST4706,Customer_200,32.0,Male,Bengaluru,Laptop,Electronics,10,49217.41,492174.1,10,2025,October
TXN0764,ORD100765,2025-07-05,CUST8834,Customer_413,61.0,Female,Mumbai,Rice,Grocery,2,36631.23,73262.46,7,2025,July
TXN0765,ORD100766,2025-06-24,CUST6815,Customer_295,43.0,Female,Patna,Chair,Furniture,3,5550.25,16650.75,6,2025,June
TXN0766,ORD100767,2025-03-31,CUST1790,Customer_12,43.0,Male,Hyderabad,Mobile,Electronics,1,12225.22,12225.22,3,2025,March
TXN0767,ORD100768,2025-05-09,CUST9952,Customer_453,30.0,Female,Bengaluru,Mobile,Electronics,10,19819.95,198199.5,5,2025,May
TXN0768,ORD100769,2025-10-10,CUST7600,Customer_208,23.0,Male,Pune,Laptop,Electronics,1,42736.43,42736.43,10,2025,October
TXN0769,ORD100770,2025-01-08,CUST9628,Customer_422,27.0,Male,Bengaluru,Chair,Furniture,2,36426.05,72852.1,1,2025,January
TXN0770,ORD100771,2025-10-31,CUST5415,Customer_460,29.0,Female,Delhi,Shoes,Fashion,1,12121.61,12121.61,10,2025,October
TXN0771,ORD100772,2025-10-16,CUST6752,Customer_52,65.0,Male,Kolkata,Rice,Grocery,5,11824.36,59121.8,10,2025,October
TXN0772,ORD100773,2025-04-24,CUST7110,Customer_176,60.0,Male,Hyderabad,Mobile,Electronics,4,988.45,3953.8,4,2025,April
TXN0773,ORD100774,2025-10-06,CUST5240,Customer_379,43.0,Male,Patna,Mobile,Electronics,7,13263.83,92846.81,10,2025,October
TXN0774,ORD100775,2025-01-10,CUST5505,Customer_189,38.0,Female,Bengaluru,Book,Education,6,35023.55,210141.3,1,2025,January
TXN0775,ORD100776,2025-07-09,CUST6116,Customer_343,32.0,Female,Gaya,Chair,Furniture,10,8630.9,86309.0,7,2025,July
TXN0776,ORD100777,2025-02-16,CUST3566,Customer_430,45.0,Female,Patna,Mobile,Electronics,6,29757.58,178545.48,2,2025,February
TXN0777,ORD100778,2025-12-04,CUST3763,Customer_257,57.0,Male,Hyderabad,Chair,Furniture,2,45538.2,91076.4,12,2025,December
TXN0778,ORD100779,2025-04-18,CUST3948,Customer_465,38.0,Male,Hyderabad,Chair,Furniture,6,19454.75,116728.5,4,2025,April
TXN0779,ORD100780,2025-07-29,CUST2369,Customer_259,56.0,Male,Mumbai,Chair,Furniture,3,21435.84,64307.52,7,2025,July
TXN0780,ORD100781,2025-02-21,CUST3542,Customer_156,51.0,Male,Patna,Laptop,Electronics,1,47618.43,47618.43,2,2025,February
TXN0781,ORD100782,2025-12-23,CUST7724,Customer_365,38.0,Male,Kolkata,Book,Education,4,25110.56,100442.24,12,2025,December
TXN0782,ORD100783,2025-09-20,CUST5419,Customer_263,65.0,Female,Patna,Book,Education,9,797.71,7179.39,9,2025,September
TXN0783,ORD100784,2025-12-11,CUST6571,Customer_156,43.0,Female,Pune,Chair,Furniture,3,25235.41,75706.23,12,2025,December
TXN0784,ORD100785,2025-01-18,CUST7650,Customer_453,50.0,Male,Kolkata,Book,Education,8,43467.0,347736.0,1,2025,January
TXN0785,ORD100786,2025-10-14,CUST7445,Customer_233,60.0,Female,Bengaluru,Shoes,Fashion,9,35691.39,321222.51,10,2025,October
TXN0786,ORD100787,2025-06-22,CUST6565,Customer_431,50.0,Female,Gaya,Book,Education,6,28107.77,168646.62,6,2025,June
TXN0787,ORD100788,2025-05-04,CUST2969,Customer_287,59.0,Male,Kolkata,Rice,Grocery,6,39662.1,237972.6,5,2025,May
TXN0788,ORD100789,2025-07-13,CUST3298,Customer_155,63.0,Female,Kolkata,Rice,Grocery,5,14533.4,72667.0,7,2025,July
TXN0789,ORD100790,2025-12-28,CUST3260,Customer_237,55.0,Male,Mumbai,Book,Education,9,12322.26,110900.34,12,2025,December
TXN0790,ORD100791,2025-09-03,CUST9962,Customer_161,45.0,Male,Mumbai,Chair,Furniture,10,18178.32,181783.2,9,2025,September
TXN0791,ORD100792,2025-05-21,CUST6814,Customer_70,62.0,Male,Bengaluru,Shoes,Fashion,9,6282.93,56546.37,5,2025,May
TXN0792,ORD100793,2025-12-11,CUST2859,Customer_395,21.0,Female,Kolkata,Rice,Grocery,4,40391.3,161565.2,12,2025,December
TXN0793,ORD100794,2025-05-24,CUST7228,Customer_200,21.0,Female,Bengaluru,Shoes,Fashion,3,39157.52,117472.56,5,2025,May
TXN0794,ORD100795,2025-01-30,CUST2551,Customer_343,19.0,Male,Patna,Book,Education,5,12334.78,61673.9,1,2025,January
TXN0795,ORD100796,2026-01-01,CUST6845,Customer_385,57.0,Female,Mumbai,Shoes,Fashion,9,38573.17,347158.53,1,2026,January
TXN0796,ORD100797,2025-07-22,CUST5806,Customer_167,48.0,Male,Bengaluru,Book,Education,6,18842.34,113054.04,7,2025,July
TXN0797,ORD100798,2025-07-01,CUST5718,Customer_251,62.0,Female,Kolkata,Shoes,Fashion,4,20118.35,80473.4,7,2025,July
TXN0798,ORD100799,2025-11-07,CUST8242,Customer_492,51.0,Male,Mumbai,Rice,Grocery,6,39243.45,235460.7,11,2025,November
TXN0799,ORD100800,2025-09-27,CUST1618,Customer_166,41.0,Male,Patna,Rice,Grocery,10,15891.66,158916.6,9,2025,September
TXN0800,ORD100801,2025-05-10,CUST3297,Customer_465,47.0,Male,Gaya,Mobile,Electronics,1,40350.67,40350.67,5,2025,May
TXN0801,ORD100802,2025-11-14,CUST4901,Customer_327,29.0,Female,Mumbai,Rice,Grocery,1,47545.23,47545.23,11,2025,November
TXN0802,ORD100803,2025-10-11,CUST3189,Customer_384,30.0,Female,Kolkata,Book,Education,4,17304.91,69219.64,10,2025,October
TXN0803,ORD100804,2025-12-11,CUST3690,Customer_413,32.0,Female,Delhi,Book,Education,6,17079.99,102479.94,12,2025,December
TXN0804,ORD100805,2025-05-22,CUST7876,Customer_34,57.0,Male,Bengaluru,Shoes,Fashion,9,44772.96,402956.64,5,2025,May
TXN0805,ORD100806,2025-03-02,CUST9089,Customer_303,50.0,Female,Gaya,Shoes,Fashion,10,32483.32,324833.2,3,2025,March
TXN0806,ORD100807,2025-10-05,CUST6442,Customer_10,62.0,Male,Kolkata,Chair,Furniture,9,47699.69,429297.21,10,2025,October
TXN0807,ORD100808,2025-06-20,CUST9514,Customer_180,28.0,Female,Patna,Chair,Furniture,2,23127.63,46255.26,6,2025,June
TXN0808,ORD100809,2025-06-02,CUST7903,Customer_163,60.0,Female,Bengaluru,Shoes,Fashion,6,16882.56,101295.36,6,2025,June
TXN0809,ORD100810,2025-06-04,CUST1658,Customer_324,52.0,Male,Hyderabad,Rice,Grocery,6,32296.32,193777.92,6,2025,June
TXN0810,ORD100811,2025-01-04,CUST6719,Customer_394,30.0,Female,Patna,Book,Education,3,15090.15,45270.45,1,2025,January
TXN0811,ORD100812,2025-01-31,CUST4941,Customer_457,50.0,Female,Mumbai,Chair,Furniture,2,30197.53,60395.06,1,2025,January
TXN0812,ORD100813,2025-05-14,CUST5851,Customer_418,50.0,Male,Patna,Mobile,Electronics,2,41544.45,83088.9,5,2025,May
TXN0813,ORD100814,2025-09-17,CUST1149,Customer_14,40.0,Female,Hyderabad,Laptop,Electronics,8,42593.69,340749.52,9,2025,September
TXN0814,ORD100815,2025-09-08,CUST6336,Customer_63,52.0,Male,Delhi,Mobile,Electronics,1,26771.99,26771.99,9,2025,September
TXN0815,ORD100816,2025-06-04,CUST1960,Customer_367,44.0,Male,Kolkata,Rice,Grocery,9,31690.41,285213.69,6,2025,June
TXN0816,ORD100817,2025-03-29,CUST6933,Customer_224,23.0,Female,Patna,Rice,Grocery,6,20913.85,125483.1,3,2025,March
TXN0817,ORD100818,2025-07-05,CUST3006,Customer_343,49.0,Male,Hyderabad,Chair,Furniture,7,36034.1,252238.7,7,2025,July
TXN0818,ORD100819,2025-12-09,CUST8754,Customer_77,28.0,Male,Kolkata,Mobile,Electronics,8,21646.64,173173.12,12,2025,December
TXN0819,ORD100820,2025-01-09,CUST9458,Customer_391,60.0,Male,Bengaluru,Laptop,Electronics,1,21553.66,21553.66,1,2025,January
TXN0820,ORD100821,2025-06-16,CUST4979,Customer_273,45.0,Male,Mumbai,Book,Education,3,17152.2,51456.6,6,2025,June
TXN0821,ORD100822,2025-09-15,CUST6340,Customer_125,37.0,Female,Gaya,Rice,Grocery,1,21368.29,21368.29,9,2025,September
TXN0822,ORD100823,2025-07-21,CUST7814,Customer_134,20.0,Female,Bengaluru,Shoes,Fashion,7,47413.32,331893.24,7,2025,July
TXN0823,ORD100824,2025-03-30,CUST8199,Customer_39,64.0,Female,Gaya,Chair,Furniture,4,2716.24,10864.96,3,2025,March
TXN0824,ORD100825,2025-07-13,CUST9718,Customer_11,57.0,Female,Unknown,Laptop,Electronics,2,45863.13,91726.26,7,2025,July
TXN0825,ORD100826,2025-04-05,CUST7065,Customer_335,24.0,Female,Bengaluru,Shoes,Fashion,5,48228.96,241144.8,4,2025,April
TXN0826,ORD100827,2025-06-19,CUST6162,Customer_165,42.0,Male,Mumbai,Laptop,Electronics,1,31849.44,31849.44,6,2025,June
TXN0827,ORD100828,2025-11-03,CUST6944,Customer_460,33.0,Male,Gaya,Book,Education,4,8685.69,34742.76,11,2025,November
TXN0828,ORD100829,2025-02-27,CUST8319,Customer_362,44.0,Male,Delhi,Rice,Grocery,2,49685.64,99371.28,2,2025,February
TXN0829,ORD100830,2025-04-10,CUST6540,Customer_230,19.0,Male,Kolkata,Shoes,Fashion,8,10921.12,87368.96,4,2025,April
TXN0830,ORD100831,2025-01-09,CUST8453,Customer_68,53.0,Female,Patna,Laptop,Electronics,3,33896.35,101689.05,1,2025,January
TXN0831,ORD100832,2025-08-16,CUST5605,Customer_23,30.0,Female,Kolkata,Shoes,Fashion,4,31512.79,126051.16,8,2025,August
TXN0832,ORD100833,2025-11-05,CUST8704,Customer_440,20.0,Female,Kolkata,Mobile,Electronics,6,17944.07,107664.42,11,2025,November
TXN0833,ORD100834,2025-12-03,CUST3264,Customer_227,51.0,Female,Gaya,Mobile,Electronics,3,14145.7,42437.1,12,2025,December
TXN0834,ORD100835,2025-03-21,CUST9364,Customer_352,62.0,Female,Gaya,Book,Education,3,33186.38,99559.14,3,2025,March
TXN0835,ORD100836,2025-06-10,CUST3366,Customer_47,23.0,Male,Patna,Mobile,Electronics,5,24537.11,122685.55,6,2025,June
TXN0836,ORD100837,2025-09-05,CUST6067,Customer_499,26.0,Male,Kolkata,Mobile,Electronics,4,7989.47,31957.88,9,2025,September
TXN0837,ORD100838,2025-11-27,CUST5389,Customer_362,44.0,Female,Mumbai,Shoes,Fashion,6,9784.56,58707.36,11,2025,November
TXN0838,ORD100839,2025-05-12,CUST8766,Customer_140,47.0,Female,Hyderabad,Laptop,Electronics,5,47021.1,235105.5,5,2025,May
TXN0839,ORD100050,2025-08-03,CUST5585,Customer_289,35.0,Male,Kolkata,Chair,Furniture,9,28747.47,258727.23,8,2025,August
TXN0840,ORD100841,2025-04-16,CUST7544,Customer_225,26.0,Male,Mumbai,Book,Education,10,35093.39,350933.9,4,2025,April
TXN0841,ORD100842,2025-11-06,CUST8217,Customer_83,43.0,Female,Delhi,Book,Education,3,22843.06,68529.18,11,2025,November
TXN0842,ORD100843,2025-06-05,CUST6780,Customer_262,42.0,Female,Hyderabad,Book,Education,7,38502.79,269519.53,6,2025,June
TXN0843,ORD100844,2025-08-22,CUST9804,Customer_284,32.0,Male,Patna,Mobile,Electronics,5,45283.42,226417.1,8,2025,August
TXN0844,ORD100845,2025-11-07,CUST5876,Customer_389,42.0,Female,Patna,Mobile,Electronics,6,37149.97,222899.82,11,2025,November
TXN0845,ORD100846,2025-09-29,CUST1026,Customer_445,65.0,Female,Kolkata,Book,Education,7,23566.47,164965.29,9,2025,September
TXN0846,ORD100847,2025-11-08,CUST5432,Customer_163,57.0,Male,Patna,Shoes,Fashion,10,1557.12,15571.2,11,2025,November
TXN0847,ORD100848,2025-03-28,CUST8575,Customer_481,21.0,Male,Patna,Book,Education,1,38929.37,38929.37,3,2025,March
TXN0848,ORD100849,2025-03-17,CUST5455,Customer_287,26.0,Male,Bengaluru,Chair,Furniture,2,43357.83,86715.66,3,2025,March
TXN0849,ORD100850,2025-04-12,CUST2834,Customer_98,41.0,Male,Kolkata,Rice,Grocery,9,30091.26,270821.34,4,2025,April
TXN0850,ORD100851,2025-06-29,CUST4431,Customer_177,19.0,Male,Gaya,Chair,Furniture,10,3051.95,30519.5,6,2025,June
TXN0851,ORD100852,2025-06-01,CUST3744,Customer_2,20.0,Female,Mumbai,Shoes,Fashion,3,31063.57,93190.71,6,2025,June
TXN0852,ORD100853,2025-03-17,CUST1962,Customer_116,23.0,Male,Delhi,Rice,Grocery,10,5580.23,55802.3,3,2025,March
TXN0853,ORD100854,2025-06-25,CUST7787,Customer_139,40.0,Male,Pune,Book,Education,8,35859.94,286879.52,6,2025,June
TXN0854,ORD100855,2025-05-19,CUST3679,Customer_242,48.0,Male,Patna,Shoes,Fashion,5,47893.0,239465.0,5,2025,May
TXN0855,ORD100856,2025-05-26,CUST8455,Customer_468,37.0,Female,Bengaluru,Shoes,Fashion,2,47996.02,95992.04,5,2025,May
TXN0856,ORD100857,2025-09-18,CUST4973,Customer_443,24.0,Male,Kolkata,Shoes,Fashion,1,42500.65,42500.65,9,2025,September
TXN0857,ORD100858,2025-12-20,CUST7578,Customer_245,38.0,Female,Delhi,Rice,Grocery,8,7543.31,60346.48,12,2025,December
TXN0858,ORD100859,2025-07-28,CUST9287,Customer_281,54.0,Female,Bengaluru,Book,Education,4,7779.34,31117.36,7,2025,July
TXN0859,ORD100860,2025-07-10,CUST3430,Customer_184,51.0,Female,Kolkata,Mobile,Electronics,6,35959.07,215754.42,7,2025,July
TXN0860,ORD100861,2025-10-15,CUST9817,Customer_388,45.0,Male,Patna,Mobile,Electronics,7,9471.49,66300.43,10,2025,October
TXN0861,ORD100862,2025-09-28,CUST7072,Customer_4,62.0,Female,Gaya,Shoes,Fashion,8,26327.39,210619.12,9,2025,September
TXN0862,ORD100863,2025-05-10,CUST9510,Customer_15,63.0,Female,Delhi,Chair,Furniture,9,48313.36,434820.24,5,2025,May
TXN0863,ORD100864,2025-11-20,CUST3327,Customer_94,19.0,Female,Pune,Laptop,Electronics,2,45217.92,90435.84,11,2025,November
TXN0864,ORD100865,2025-07-20,CUST2202,Customer_26,26.0,Female,Patna,Chair,Furniture,2,40130.21,80260.42,7,2025,July
TXN0865,ORD100866,2025-12-23,CUST3767,Customer_470,49.0,Female,Hyderabad,Chair,Furniture,7,283.1,1981.7,12,2025,December
TXN0866,ORD100867,2025-01-09,CUST4947,Customer_352,58.0,Male,Bengaluru,Chair,Furniture,5,7521.13,37605.65,1,2025,January
TXN0867,ORD100868,2025-06-14,CUST4888,Customer_13,38.0,Male,Pune,Shoes,Fashion,5,8055.03,40275.15,6,2025,June
TXN0868,ORD100869,2025-12-21,CUST4996,Customer_184,64.0,Male,Delhi,Book,Education,4,28263.33,113053.32,12,2025,December
TXN0869,ORD100870,2025-09-12,CUST4112,Customer_71,33.0,Female,Kolkata,Shoes,Fashion,4,12941.53,51766.12,9,2025,September
TXN0870,ORD100871,2025-03-16,CUST1442,Customer_371,22.0,Female,Pune,Book,Education,1,27918.98,27918.98,3,2025,March
TXN0871,ORD100872,2025-12-23,CUST2757,Customer_366,55.0,Male,Patna,Mobile,Electronics,3,21349.35,64048.05,12,2025,December
TXN0872,ORD100873,2025-11-18,CUST5319,Customer_129,35.0,Female,Mumbai,Mobile,Electronics,5,27648.52,138242.6,11,2025,November
TXN0873,ORD100874,2025-12-12,CUST4391,Customer_214,36.0,Male,Hyderabad,Mobile,Electronics,5,39484.31,197421.55,12,2025,December
TXN0874,ORD100875,2025-10-12,CUST7317,Customer_304,25.0,Male,Delhi,Chair,Furniture,6,2417.66,14505.96,10,2025,October
TXN0875,ORD100876,2025-11-30,CUST7473,Customer_372,36.0,Female,Mumbai,Rice,Grocery,5,40104.71,200523.55,11,2025,November
TXN0876,ORD100877,2025-12-19,CUST9104,Customer_443,37.0,Male,Bengaluru,Book,Education,4,22929.61,91718.44,12,2025,December
TXN0877,ORD100878,2025-11-25,CUST7091,Customer_1,48.0,Female,Mumbai,Rice,Grocery,10,23757.31,237573.1,11,2025,November
TXN0878,ORD100879,2025-05-18,CUST1258,Customer_443,40.0,Male,Hyderabad,Laptop,Electronics,7,6769.87,47389.09,5,2025,May
TXN0879,ORD100880,2025-10-08,CUST1691,Customer_177,55.0,Male,Mumbai,Mobile,Electronics,2,7104.93,14209.86,10,2025,October
TXN0880,ORD100881,2025-06-27,CUST9404,Customer_463,19.0,Female,Gaya,Book,Education,2,35430.53,70861.06,6,2025,June
TXN0881,ORD100882,2025-08-22,CUST6532,Customer_187,43.0,Female,Hyderabad,Rice,Grocery,8,44811.59,358492.72,8,2025,August
TXN0882,ORD100883,2025-06-03,CUST1779,Customer_378,65.0,Female,Delhi,Shoes,Fashion,10,16661.37,166613.7,6,2025,June
TXN0883,ORD100884,2025-03-07,CUST4651,Customer_359,54.0,Male,Kolkata,Mobile,Electronics,7,14207.04,99449.28,3,2025,March
TXN0884,ORD100885,2025-05-07,CUST9027,Customer_153,43.0,Female,Mumbai,Shoes,Fashion,8,3220.99,25767.92,5,2025,May
TXN0885,ORD100886,2025-08-12,CUST1396,Customer_479,34.0,Male,Pune,Chair,Furniture,1,21572.48,21572.48,8,2025,August
TXN0886,ORD100887,2025-01-15,CUST9132,Customer_210,21.0,Female,Pune,Rice,Grocery,8,38808.88,310471.04,1,2025,January
TXN0887,ORD100888,2025-11-26,CUST4926,Customer_102,45.0,Male,Delhi,Book,Education,2,6525.25,13050.5,11,2025,November
TXN0888,ORD100889,2025-03-25,CUST3987,Customer_126,55.0,Female,Pune,Rice,Grocery,9,36721.83,330496.47,3,2025,March
TXN0889,ORD100890,2025-08-30,CUST5136,Customer_257,30.0,Male,Mumbai,Rice,Grocery,1,16506.48,16506.48,8,2025,August
TXN0890,ORD100891,2025-02-11,CUST8849,Customer_380,19.0,Female,Patna,Book,Education,4,45273.26,181093.04,2,2025,February
TXN0891,ORD100892,2025-04-26,CUST3603,Customer_448,56.0,Female,Delhi,Rice,Grocery,1,15061.67,15061.67,4,2025,April
TXN0892,ORD100893,2025-05-18,CUST4073,Customer_353,25.0,Female,Pune,Shoes,Fashion,3,30814.91,92444.73,5,2025,May
TXN0893,ORD100894,2025-12-01,CUST7068,Customer_106,24.0,Male,Hyderabad,Book,Education,8,36507.56,292060.48,12,2025,December
TXN0894,ORD100895,2025-10-20,CUST5762,Customer_404,20.0,Female,Mumbai,Book,Education,1,31247.14,31247.14,10,2025,October
TXN0895,ORD100896,2025-11-05,CUST1611,Customer_451,49.0,Male,Patna,Rice,Grocery,3,15350.0,46050.0,11,2025,November
TXN0896,ORD100897,2025-06-07,CUST1806,Customer_354,58.0,Male,Patna,Chair,Furniture,9,7148.05,64332.45,6,2025,June
TXN0897,ORD100898,2025-11-02,CUST4730,Customer_484,20.0,Female,Patna,Laptop,Electronics,8,25411.08,203288.64,11,2025,November
TXN0898,ORD100899,2025-12-15,CUST7164,Customer_251,64.0,Male,Pune,Shoes,Fashion,10,28254.51,282545.1,12,2025,December
TXN0899,ORD100900,2025-04-27,CUST3867,Customer_54,41.0,Female,Unknown,Laptop,Electronics,5,5069.79,25348.95,4,2025,April
TXN0900,ORD100901,2025-10-21,CUST6152,Customer_438,39.0,Female,Bengaluru,Mobile,Electronics,3,39619.15,118857.45,10,2025,October
TXN0901,ORD100902,2025-11-19,CUST6881,Customer_158,41.0,Female,Delhi,Laptop,Electronics,7,42494.73,297463.11,11,2025,November
TXN0902,ORD100903,2025-11-12,CUST3438,Customer_98,56.0,Male,Patna,Shoes,Fashion,6,24739.29,148435.74,11,2025,November
TXN0903,ORD100904,2025-03-25,CUST1890,Customer_277,21.0,Male,Gaya,Chair,Furniture,3,43166.95,129500.85,3,2025,March
TXN0904,ORD100905,2025-01-11,CUST9994,Customer_13,49.0,Male,Delhi,Chair,Furniture,6,43613.07,261678.42,1,2025,January
TXN0905,ORD100906,2025-12-01,CUST1906,Customer_76,36.0,Male,Hyderabad,Chair,Furniture,2,20357.35,40714.7,12,2025,December
TXN0906,ORD100907,2025-01-19,CUST4977,Customer_359,33.0,Male,Mumbai,Chair,Furniture,5,40193.89,200969.45,1,2025,January
TXN0907,ORD100908,2025-02-14,CUST6241,Customer_242,55.0,Male,Hyderabad,Chair,Furniture,2,9063.83,18127.66,2,2025,February
TXN0908,ORD100909,2025-08-13,CUST1759,Customer_71,64.0,Female,Delhi,Laptop,Electronics,5,21830.06,109150.3,8,2025,August
TXN0909,ORD100910,2025-07-28,CUST4515,Customer_281,48.0,Female,Hyderabad,Rice,Grocery,2,39424.04,78848.08,7,2025,July
TXN0910,ORD100911,2025-06-06,CUST6309,Customer_345,55.0,Female,Mumbai,Rice,Grocery,2,30743.1,61486.2,6,2025,June
TXN0911,ORD100912,2025-02-10,CUST2384,Customer_365,49.0,Male,Gaya,Laptop,Electronics,3,10131.58,30394.74,2,2025,February
TXN0912,ORD100913,2025-05-04,CUST5025,Customer_159,28.0,Female,Patna,Book,Education,1,20875.52,20875.52,5,2025,May
TXN0913,ORD100914,2025-07-28,CUST5363,Customer_86,22.0,Female,Pune,Shoes,Fashion,3,43152.69,129458.07,7,2025,July
TXN0914,ORD100915,2025-05-21,CUST1753,Customer_493,58.0,Female,Hyderabad,Shoes,Fashion,1,3239.94,3239.94,5,2025,May
TXN0915,ORD100916,2025-02-27,CUST7186,Customer_150,36.0,Female,Mumbai,Shoes,Fashion,1,10625.65,10625.65,2,2025,February
TXN0916,ORD100917,2025-04-03,CUST2804,Customer_115,32.0,Female,Pune,Mobile,Electronics,3,30169.38,90508.14,4,2025,April
TXN0917,ORD100918,2025-11-06,CUST1997,Customer_219,29.0,Female,Patna,Mobile,Electronics,2,29914.46,59828.92,11,2025,November
TXN0918,ORD100919,2025-11-19,CUST7609,Customer_327,41.0,Female,Pune,Shoes,Fashion,5,30991.63,154958.15,11,2025,November
TXN0919,ORD100920,2025-12-08,CUST7026,Customer_105,36.0,Female,Bengaluru,Mobile,Electronics,7,15799.46,110596.22,12,2025,December
TXN0920,ORD100921,2025-05-06,CUST6414,Customer_82,30.0,Male,Delhi,Mobile,Electronics,6,10404.98,62429.88,5,2025,May
TXN0921,ORD100922,2025-10-19,CUST3652,Customer_436,59.0,Male,Hyderabad,Book,Education,1,21496.95,21496.95,10,2025,October
TXN0922,ORD100923,2025-10-08,CUST4106,Customer_226,33.0,Male,Gaya,Rice,Grocery,7,42785.56,299498.92,10,2025,October
TXN0923,ORD100924,2025-11-13,CUST7933,Customer_232,50.0,Male,Bengaluru,Rice,Grocery,10,9123.6,91236.0,11,2025,November
TXN0924,ORD100925,2025-06-10,CUST9299,Customer_13,62.0,Female,Delhi,Mobile,Electronics,6,35834.15,215004.9,6,2025,June
TXN0925,ORD100926,2025-12-24,CUST5160,Customer_144,52.0,Female,Delhi,Book,Education,3,653.97,1961.91,12,2025,December
TXN0926,ORD100927,2025-01-31,CUST2260,Customer_325,54.0,Male,Kolkata,Mobile,Electronics,3,3846.65,11539.95,1,2025,January
TXN0927,ORD100928,2025-08-03,CUST7676,Customer_42,39.0,Female,Bengaluru,Rice,Grocery,10,40522.56,405225.6,8,2025,August
TXN0928,ORD100929,2025-08-29,CUST7405,Customer_15,57.0,Male,Mumbai,Shoes,Fashion,4,39917.24,159668.96,8,2025,August
TXN0929,ORD100930,2025-12-07,CUST4565,Customer_359,65.0,Female,Delhi,Rice,Grocery,1,23886.69,23886.69,12,2025,December
TXN0930,ORD100931,2025-01-18,CUST6319,Customer_393,32.0,Female,Bengaluru,Shoes,Fashion,1,46629.03,46629.03,1,2025,January
TXN0931,ORD100932,2025-08-04,CUST4077,Customer_138,50.0,Male,Mumbai,Laptop,Electronics,4,27478.45,109913.8,8,2025,August
TXN0932,ORD100933,2025-01-21,CUST8537,Customer_494,50.0,Female,Hyderabad,Laptop,Electronics,8,4925.05,39400.4,1,2025,January
TXN0933,ORD100934,2025-04-02,CUST6407,Customer_107,63.0,Male,Kolkata,Shoes,Fashion,8,35023.64,280189.12,4,2025,April
TXN0934,ORD100935,2025-11-01,CUST2025,Customer_239,37.0,Female,Delhi,Chair,Furniture,2,49387.2,98774.4,11,2025,November
TXN0935,ORD100936,2025-11-10,CUST1122,Customer_447,65.0,Female,Kolkata,Rice,Grocery,4,30607.95,122431.8,11,2025,November
TXN0936,ORD100937,2025-10-22,CUST1997,Customer_437,40.0,Male,Patna,Chair,Furniture,10,7627.77,76277.7,10,2025,October
TXN0937,ORD100938,2025-09-28,CUST9287,Customer_420,30.0,Male,Pune,Shoes,Fashion,3,44146.06,132438.18,9,2025,September
TXN0938,ORD100939,2025-12-13,CUST5413,Customer_20,62.0,Male,Bengaluru,Laptop,Electronics,7,31015.64,217109.48,12,2025,December
TXN0939,ORD100940,2025-08-22,CUST8466,Customer_66,43.0,Male,Hyderabad,Laptop,Electronics,1,47743.08,47743.08,8,2025,August
TXN0940,ORD100941,2025-06-11,CUST9493,Customer_34,35.0,Male,Gaya,Laptop,Electronics,10,12754.35,127543.5,6,2025,June
TXN0941,ORD100942,2025-04-02,CUST3576,Customer_397,53.0,Male,Hyderabad,Laptop,Electronics,7,45883.95,321187.65,4,2025,April
TXN0942,ORD100943,2025-07-27,CUST2586,Customer_386,64.0,Male,Pune,Laptop,Electronics,5,16990.85,84954.25,7,2025,July
TXN0943,ORD100944,2025-07-13,CUST3499,Customer_139,20.0,Male,Mumbai,Chair,Furniture,2,20191.53,40383.06,7,2025,July
TXN0944,ORD100945,2025-08-12,CUST7718,Customer_293,26.0,Male,Delhi,Mobile,Electronics,8,46866.95,374935.6,8,2025,August
TXN0945,ORD100946,2025-06-28,CUST3330,Customer_450,62.0,Female,Hyderabad,Mobile,Electronics,8,20319.29,162554.32,6,2025,June
TXN0946,ORD100947,2025-08-04,CUST9113,Customer_175,61.0,Male,Hyderabad,Book,Education,6,31857.18,191143.08,8,2025,August
TXN0947,ORD100948,2025-02-24,CUST1004,Customer_191,64.0,Female,Bengaluru,Mobile,Electronics,2,4160.77,8321.54,2,2025,February
TXN0948,ORD100949,2025-05-17,CUST8381,Customer_112,40.0,Male,Kolkata,Book,Education,10,47314.42,473144.2,5,2025,May
TXN0949,ORD100950,2025-11-01,CUST6316,Customer_59,41.0,Male,Pune,Laptop,Electronics,9,34569.56,311126.04,11,2025,November
TXN0950,ORD100951,2025-05-17,CUST2403,Customer_258,22.0,Male,Pune,Mobile,Electronics,8,29747.29,237978.32,5,2025,May
TXN0951,ORD100952,2025-02-13,CUST1357,Customer_361,48.0,Male,Delhi,Shoes,Fashion,8,24450.18,195601.44,2,2025,February
TXN0952,ORD100953,2025-04-16,CUST4337,Customer_269,53.0,Female,Kolkata,Mobile,Electronics,4,13994.12,55976.48,4,2025,April
TXN0953,ORD100954,2025-08-11,CUST9175,Customer_441,36.0,Male,Mumbai,Shoes,Fashion,9,23583.66,212252.94,8,2025,August
TXN0954,ORD100955,2025-06-16,CUST7177,Customer_40,21.0,Male,Hyderabad,Shoes,Fashion,3,25138.65,75415.95,6,2025,June
TXN0955,ORD100956,2025-12-10,CUST9009,Customer_424,43.0,Male,Mumbai,Mobile,Electronics,3,25618.42,76855.26,12,2025,December
TXN0956,ORD100957,2025-03-07,CUST8996,Customer_165,59.0,Male,Hyderabad,Shoes,Fashion,3,42044.69,126134.07,3,2025,March
TXN0957,ORD100958,2025-04-10,CUST3759,Customer_313,65.0,Female,Mumbai,Rice,Grocery,9,33475.97,301283.73,4,2025,April
TXN0958,ORD100959,2025-01-09,CUST9966,Customer_455,46.0,Female,Kolkata,Rice,Grocery,5,29215.06,146075.3,1,2025,January
TXN0959,ORD100050,2025-02-09,CUST7188,Customer_89,62.0,Male,Bengaluru,Mobile,Electronics,1,34619.77,34619.77,2,2025,February
TXN0960,ORD100961,2025-10-31,CUST6311,Customer_257,65.0,Female,Mumbai,Book,Education,9,33480.07,301320.63,10,2025,October
TXN0961,ORD100962,2025-04-20,CUST8525,Customer_126,40.0,Female,Gaya,Shoes,Fashion,10,8532.9,85329.0,4,2025,April
TXN0962,ORD100963,2025-12-09,CUST9285,Customer_452,49.0,Female,Gaya,Laptop,Electronics,7,31899.76,223298.32,12,2025,December
TXN0963,ORD100964,2025-12-08,CUST8387,Customer_133,48.0,Female,Bengaluru,Chair,Furniture,5,30847.69,154238.45,12,2025,December
TXN0964,ORD100965,2025-09-02,CUST5726,Customer_192,20.0,Male,Pune,Mobile,Electronics,2,39578.6,79157.2,9,2025,September
TXN0965,ORD100966,2025-05-13,CUST7238,Customer_335,54.0,Female,Delhi,Mobile,Electronics,8,35028.53,280228.24,5,2025,May
TXN0966,ORD100967,2025-07-05,CUST3843,Customer_209,44.0,Female,Bengaluru,Mobile,Electronics,6,6287.85,37727.1,7,2025,July
TXN0967,ORD100968,2025-02-15,CUST7185,Customer_285,61.0,Female,Delhi,Chair,Furniture,3,32751.77,98255.31,2,2025,February
TXN0968,ORD100969,2025-07-21,CUST7757,Customer_494,58.0,Male,Mumbai,Laptop,Electronics,9,24421.73,219795.57,7,2025,July
TXN0969,ORD100970,2025-08-08,CUST1713,Customer_457,27.0,Female,Bengaluru,Shoes,Fashion,1,31739.18,31739.18,8,2025,August
TXN0970,ORD100971,2025-02-22,CUST6987,Customer_107,31.0,Female,Gaya,Rice,Grocery,1,6976.56,6976.56,2,2025,February
TXN0971,ORD100972,2025-09-05,CUST5829,Customer_37,32.0,Male,Delhi,Book,Education,4,9989.04,39956.16,9,2025,September
TXN0972,ORD100973,2025-11-05,CUST2542,Customer_219,43.0,Male,Hyderabad,Laptop,Electronics,10,43146.39,431463.9,11,2025,November
TXN0973,ORD100974,2025-07-28,CUST4869,Customer_392,37.0,Male,Kolkata,Laptop,Electronics,10,48566.78,485667.8,7,2025,July
TXN0974,ORD100975,2025-10-15,CUST2870,Customer_311,25.0,Female,Unknown,Book,Education,6,6189.16,37134.96,10,2025,October
TXN0975,ORD100976,2025-05-29,CUST5338,Customer_269,22.0,Female,Patna,Shoes,Fashion,3,46910.35,140731.05,5,2025,May
TXN0976,ORD100977,2025-10-16,CUST5373,Customer_256,24.0,Male,Delhi,Shoes,Fashion,1,25737.43,25737.43,10,2025,October
TXN0977,ORD100978,2025-02-20,CUST2256,Customer_284,50.0,Male,Hyderabad,Shoes,Fashion,3,38656.45,115969.35,2,2025,February
TXN0978,ORD100979,2025-06-13,CUST7388,Customer_6,48.0,Male,Hyderabad,Rice,Grocery,6,44566.74,267400.44,6,2025,June
TXN0979,ORD100980,2025-11-22,CUST1159,Customer_492,30.0,Male,Pune,Laptop,Electronics,5,16513.54,82567.7,11,2025,November
TXN0980,ORD100981,2025-08-03,CUST9081,Customer_448,24.0,Male,Hyderabad,Book,Education,6,5066.44,30398.64,8,2025,August
TXN0981,ORD100982,2025-03-30,CUST4003,Customer_305,54.0,Female,Bengaluru,Rice,Grocery,10,46852.2,468522.0,3,2025,March
TXN0982,ORD100983,2025-09-03,CUST6511,Customer_15,54.0,Male,Mumbai,Shoes,Fashion,3,18013.26,54039.78,9,2025,September
TXN0983,ORD100984,2025-11-07,CUST2836,Customer_434,46.0,Female,Patna,Shoes,Fashion,4,36188.72,144754.88,11,2025,November
TXN0984,ORD100985,2025-05-19,CUST3730,Customer_397,58.0,Female,Gaya,Chair,Furniture,3,33517.79,100553.37,5,2025,May
TXN0985,ORD100986,2025-03-27,CUST9945,Customer_495,24.0,Male,Hyderabad,Rice,Grocery,1,3375.35,3375.35,3,2025,March
TXN0986,ORD100987,2025-03-16,CUST1603,Customer_434,37.0,Female,Mumbai,Mobile,Electronics,4,34140.07,136560.28,3,2025,March
TXN0987,ORD100988,2025-12-16,CUST9871,Customer_187,27.0,Female,Pune,Mobile,Electronics,2,17345.15,34690.3,12,2025,December
TXN0988,ORD100989,2025-10-18,CUST2418,Customer_425,57.0,Male,Gaya,Chair,Furniture,2,46527.93,93055.86,10,2025,October
TXN0989,ORD100990,2025-04-14,CUST2126,Customer_385,34.0,Male,Patna,Rice,Grocery,1,21819.5,21819.5,4,2025,April
TXN0990,ORD100991,2025-02-28,CUST1284,Customer_375,31.0,Male,Bengaluru,Mobile,Electronics,4,26365.27,105461.08,2,2025,February
TXN0991,ORD100992,2025-08-20,CUST6389,Customer_484,27.0,Male,Kolkata,Chair,Furniture,9,34835.55,313519.95,8,2025,August
TXN0992,ORD100993,2025-06-16,CUST9381,Customer_10,52.0,Male,Patna,Book,Education,8,44625.98,357007.84,6,2025,June
TXN0993,ORD100994,2025-07-11,CUST2967,Customer_483,52.0,Female,Mumbai,Chair,Furniture,5,7279.34,36396.7,7,2025,July
TXN0994,ORD100995,2025-07-30,CUST9092,Customer_97,64.0,Male,Mumbai,Chair,Furniture,1,37930.19,37930.19,7,2025,July
TXN0995,ORD100996,2025-06-12,CUST9351,Customer_352,36.0,Male,Pune,Book,Education,9,44322.64,398903.76,6,2025,June
TXN0996,ORD100997,2025-11-07,CUST6410,Customer_301,61.0,Male,Gaya,Laptop,Electronics,9,35405.54,318649.86,11,2025,November
TXN0997,ORD100998,2025-09-03,CUST7618,Customer_154,25.0,Male,Gaya,Shoes,Fashion,5,18454.65,92273.25,9,2025,September
TXN0998,ORD100999,2025-09-30,CUST9544,Customer_140,62.0,Female,Hyderabad,Laptop,Electronics,9,12971.59,116744.31,9,2025,September
TXN0999,ORD101000,2025-02-21,CUST9501,Customer_241,41.0,Male,Delhi,Mobile,Electronics,9,2879.01,25911.09,2,2025,February
TXN1000,ORD101001,2025-04-23,CUST2714,Customer_98,58.0,Female,Gaya,Chair,Furniture,9,22493.87,202444.83,4,2025,April
